client_id,name,client_type,country,kyc_tier,risk_profile,aum_usd,onboarded_date
C00000001,Ahmed Garcia,RETAIL,NL,TIER_1,CONSERVATIVE,422603.75,2016-06-28
C00000002,Hugo Murphy,RETAIL,GB,TIER_2,CONSERVATIVE,1156534.82,2013-07-05
C00000003,Maria Patel,RETAIL,NL,TIER_3,AGGRESSIVE,2821914.22,2025-06-26
C00000004,Orion Group,INSTITUTIONAL,US,TIER_3,AGGRESSIVE,763748228.35,2017-04-16
C00000005,Atlas Asset Management,PENSION,CH,TIER_1,MODERATE,34013230810.9,2014-02-05
C00000006,Granite Asset Management,INSTITUTIONAL,IN,TIER_3,AGGRESSIVE,438217070.54,2018-06-19
C00000007,Vanguard Investments,INSTITUTIONAL,GB,TIER_1,AGGRESSIVE,4776549064.73,2017-04-29
C00000008,Pinnacle Capital,SOVEREIGN,NL,TIER_1,MODERATE,98630087766.05,2018-03-30
C00000009,Mateo Cohen,RETAIL,DE,TIER_2,AGGRESSIVE,1906562.84,2012-05-07
C00000010,Summit Partners,INSTITUTIONAL,GB,TIER_1,MODERATE,3572801916.15,2012-01-03
C00000011,Vanguard Group,INSTITUTIONAL,HK,TIER_1,CONSERVATIVE,4717653125.35,2016-03-31
C00000012,Noah Kim,RETAIL,DE,TIER_1,MODERATE,2249729.95,2013-10-12
C00000013,Priya Smith,RETAIL,GB,TIER_1,CONSERVATIVE,2988653.53,2018-12-12
C00000014,Northstar Holdings,PENSION,SG,TIER_1,CONSERVATIVE,36379770279.72,2013-09-03
C00000015,Summit Fund Management,PENSION,AU,TIER_1,MODERATE,8890336389.64,2020-03-11
C00000016,Helios Asset Management,INSTITUTIONAL,GB,TIER_1,MODERATE,2134456581.87,2015-05-13
C00000017,Pinnacle Holdings,HEDGE_FUND,FR,TIER_2,MODERATE,11916747320.98,2021-11-02
C00000018,Wei Silva,RETAIL,US,TIER_3,MODERATE,4209650.8,2017-09-13
C00000019,Pinnacle Advisors,HEDGE_FUND,HK,TIER_1,AGGRESSIVE,19487084992.44,2023-03-03
C00000020,Cobalt Investments,INSTITUTIONAL,CA,TIER_1,MODERATE,4845189847.65,2019-09-08
C00000021,Ahmed Murphy,RETAIL,IN,TIER_1,MODERATE,1408697.73,2017-05-30
C00000022,Ethan Dubois,RETAIL,CH,TIER_3,CONSERVATIVE,3411746.04,2013-11-19
C00000023,Sterling Advisors,INSTITUTIONAL,BR,TIER_1,MODERATE,4164844953.12,2024-09-02
C00000024,Granite Securities,HEDGE_FUND,NL,TIER_1,AGGRESSIVE,6126369585.96,2020-07-22
C00000025,Chen Jones,RETAIL,GB,TIER_1,AGGRESSIVE,2401381.15,2017-03-26
C00000026,Chen Ivanov,RETAIL,US,TIER_2,MODERATE,3511155.09,2014-03-07
C00000027,John Kim,RETAIL,IN,TIER_1,AGGRESSIVE,1781494.01,2011-09-17
C00000028,Ethan Jones,RETAIL,IN,TIER_1,MODERATE,538663.31,2024-01-05
C00000029,Meridian Wealth,INSTITUTIONAL,AU,TIER_1,AGGRESSIVE,1144107094.08,2017-10-31
C00000030,Ethan Brown,RETAIL,DE,TIER_1,CONSERVATIVE,2419027.71,2019-08-06
C00000031,John Kim,RETAIL,BR,TIER_1,MODERATE,1721902.74,2021-08-01
C00000032,Aisha Lopez,RETAIL,GB,TIER_1,AGGRESSIVE,2267711.49,2024-09-18
C00000033,Granite Partners,INSTITUTIONAL,US,TIER_2,AGGRESSIVE,591345274.83,2022-07-15
C00000034,Sterling Investments,PENSION,AU,TIER_1,CONSERVATIVE,16883987949.88,2016-08-29
C00000035,Summit Securities,SOVEREIGN,NL,TIER_1,AGGRESSIVE,131804274320.56,2017-05-08
C00000036,Cobalt Investments,INSTITUTIONAL,CA,TIER_1,MODERATE,72027714.46,2021-05-28
C00000037,Granite Partners,INSTITUTIONAL,CH,TIER_1,AGGRESSIVE,975451186.38,2018-11-29
C00000038,Apex Holdings,INSTITUTIONAL,NL,TIER_2,AGGRESSIVE,4831286179.75,2019-03-12
C00000039,Anya Jones,RETAIL,CH,TIER_1,MODERATE,4229133.84,2012-05-17
C00000040,Quantum Holdings,INSTITUTIONAL,CH,TIER_1,AGGRESSIVE,713041459.77,2023-07-31
C00000041,Apex Asset Management,INSTITUTIONAL,HK,TIER_2,AGGRESSIVE,1972893183.08,2012-11-05
C00000042,Vanguard Securities,INSTITUTIONAL,DE,TIER_1,AGGRESSIVE,3482492986.32,2011-10-02
C00000043,Bluewater Wealth,PENSION,DE,TIER_1,CONSERVATIVE,9761379708.14,2016-02-09
C00000044,Aisha Smith,RETAIL,CA,TIER_1,MODERATE,4819507.16,2014-11-20
C00000045,Chen Lopez,RETAIL,SG,TIER_2,MODERATE,2448610.56,2024-05-14
C00000046,Yuki Silva,RETAIL,US,TIER_1,AGGRESSIVE,1450464.85,2015-12-19
C00000047,Ahmed Ivanov,RETAIL,AU,TIER_1,CONSERVATIVE,1346765.66,2014-01-15
C00000048,Pinnacle Wealth,HEDGE_FUND,IN,TIER_1,AGGRESSIVE,8883194936.61,2021-04-27
C00000049,Apex Investments,SOVEREIGN,JP,TIER_2,CONSERVATIVE,90496736223.25,2018-05-28
C00000050,Apex Advisors,PENSION,GB,TIER_2,CONSERVATIVE,10888969295.69,2013-01-13
C00000051,Anya Cohen,RETAIL,DE,TIER_2,CONSERVATIVE,4069514.03,2024-11-21
C00000052,Fatima Rossi,RETAIL,CH,TIER_1,MODERATE,4895210.78,2019-08-29
C00000053,Atlas Wealth,INSTITUTIONAL,NL,TIER_2,CONSERVATIVE,4815721375.22,2016-12-28
C00000054,Atlas Asset Management,PENSION,BR,TIER_2,CONSERVATIVE,7739050449.54,2018-12-31
C00000055,Granite Securities,HEDGE_FUND,CA,TIER_1,AGGRESSIVE,5447471326.54,2016-12-06
C00000056,John Patel,RETAIL,SG,TIER_1,MODERATE,3476571.04,2017-12-11
C00000057,Ahmed Khan,RETAIL,CH,TIER_1,AGGRESSIVE,474776.87,2015-12-10
C00000058,Aisha Patel,RETAIL,IN,TIER_1,CONSERVATIVE,4840961.61,2021-06-21
C00000059,Hugo Silva,RETAIL,HK,TIER_1,CONSERVATIVE,2835049.13,2015-05-04
C00000060,Crescent Capital,HEDGE_FUND,US,TIER_1,MODERATE,423998912.22,2022-09-05
C00000061,Alex Cohen,RETAIL,FR,TIER_3,CONSERVATIVE,4411917.34,2019-06-15
C00000062,Crescent Holdings,INSTITUTIONAL,GB,TIER_2,MODERATE,457981626.99,2011-04-27
C00000063,Bluewater Capital,PENSION,SG,TIER_2,AGGRESSIVE,35122347890.47,2020-12-20
C00000064,John Kim,RETAIL,US,TIER_1,CONSERVATIVE,672171.96,2021-02-24
C00000065,Olivia Smith,RETAIL,US,TIER_2,CONSERVATIVE,4940893.0,2016-10-01
C00000066,Ahmed Patel,RETAIL,FR,TIER_1,AGGRESSIVE,4031724.6,2023-11-28
C00000067,Crescent Holdings,INSTITUTIONAL,DE,TIER_1,CONSERVATIVE,3225801935.16,2023-01-07
C00000068,Cobalt Capital,INSTITUTIONAL,CH,TIER_2,MODERATE,1788379208.19,2021-06-11
C00000069,Wei Cohen,RETAIL,CH,TIER_2,CONSERVATIVE,442573.29,2023-12-20
C00000070,Apex Fund Management,INSTITUTIONAL,BR,TIER_1,MODERATE,1606793157.5,2023-02-01
C00000071,Quantum Partners,INSTITUTIONAL,FR,TIER_1,AGGRESSIVE,3619839212.35,2019-10-31
C00000072,Sterling Capital,HEDGE_FUND,NL,TIER_2,CONSERVATIVE,10403207643.17,2014-10-17
C00000073,Vanguard Holdings,INSTITUTIONAL,NL,TIER_1,CONSERVATIVE,2499694213.72,2023-09-11
C00000074,Quantum Fund Management,INSTITUTIONAL,GB,TIER_1,CONSERVATIVE,4935068537.57,2019-02-15
C00000075,Orion Fund Management,INSTITUTIONAL,SG,TIER_1,AGGRESSIVE,905213045.15,2015-08-29
C00000076,Granite Partners,SOVEREIGN,US,TIER_1,CONSERVATIVE,53174870155.25,2025-04-30
C00000077,Granite Securities,PENSION,AU,TIER_1,AGGRESSIVE,25301923792.6,2016-11-26
C00000078,Mateo Patel,RETAIL,NL,TIER_1,AGGRESSIVE,771875.41,2024-05-07
C00000079,Meridian Investments,INSTITUTIONAL,IN,TIER_1,MODERATE,1984120939.69,2011-12-30
C00000080,Quantum Partners,HEDGE_FUND,JP,TIER_2,AGGRESSIVE,19073216736.65,2020-11-14
C00000081,Apex Securities,INSTITUTIONAL,GB,TIER_1,AGGRESSIVE,322391667.45,2011-06-19
C00000082,Priya Smith,RETAIL,BR,TIER_1,CONSERVATIVE,827524.83,2018-06-12
C00000083,Noah Müller,RETAIL,HK,TIER_1,MODERATE,3667349.83,2023-07-29
C00000084,Northstar Group,HEDGE_FUND,IN,TIER_1,AGGRESSIVE,1371052583.55,2013-04-16
C00000085,Ahmed Singh,RETAIL,AU,TIER_1,MODERATE,4298205.32,2022-06-24
C00000086,Noah Kim,RETAIL,CH,TIER_2,CONSERVATIVE,1149738.07,2014-10-23
C00000087,Orion Capital,INSTITUTIONAL,FR,TIER_1,MODERATE,1945748398.12,2022-11-09
C00000088,Orion Capital,INSTITUTIONAL,AU,TIER_2,AGGRESSIVE,3716295849.13,2016-10-25
C00000089,Summit Securities,INSTITUTIONAL,BR,TIER_1,CONSERVATIVE,2879103014.96,2023-07-18
C00000090,Maria Müller,RETAIL,FR,TIER_2,CONSERVATIVE,4770856.24,2024-09-04
C00000091,Orion Holdings,PENSION,IN,TIER_2,MODERATE,4776083360.45,2015-12-24
C00000092,Summit Holdings,INSTITUTIONAL,CH,TIER_2,AGGRESSIVE,3132451743.27,2015-10-26
C00000093,Ahmed Dubois,RETAIL,BR,TIER_3,CONSERVATIVE,761326.22,2017-01-09
C00000094,Meridian Group,INSTITUTIONAL,NL,TIER_2,CONSERVATIVE,4757401797.61,2026-03-11
C00000095,Vanguard Holdings,HEDGE_FUND,GB,TIER_1,CONSERVATIVE,8454335255.86,2024-11-17
C00000096,Bluewater Holdings,SOVEREIGN,GB,TIER_1,CONSERVATIVE,179560206914.36,2014-07-26
C00000097,Aisha Singh,RETAIL,BR,TIER_1,CONSERVATIVE,2532084.54,2011-12-06
C00000098,Apex Fund Management,HEDGE_FUND,CH,TIER_1,AGGRESSIVE,19287943667.18,2020-11-29
C00000099,Orion Group,INSTITUTIONAL,IN,TIER_1,AGGRESSIVE,1664945265.46,2016-01-26
C00000100,Apex Investments,INSTITUTIONAL,DE,TIER_2,AGGRESSIVE,589415526.91,2023-11-08
C00000101,Helios Group,INSTITUTIONAL,SG,TIER_1,MODERATE,4824941875.14,2021-07-26
C00000102,Olivia Rossi,RETAIL,GB,TIER_1,AGGRESSIVE,1528032.76,2012-09-09
C00000103,Orion Group,INSTITUTIONAL,DE,TIER_1,CONSERVATIVE,4843580020.67,2017-05-02
C00000104,Zara Rossi,RETAIL,DE,TIER_1,MODERATE,4274460.51,2013-10-02
C00000105,Yuki Kim,RETAIL,CA,TIER_1,CONSERVATIVE,616051.74,2024-11-02
C00000106,Summit Asset Management,HEDGE_FUND,FR,TIER_2,MODERATE,13757076714.51,2011-10-06
C00000107,Cobalt Holdings,INSTITUTIONAL,GB,TIER_1,CONSERVATIVE,1028864166.64,2011-09-26
C00000108,Wei Patel,RETAIL,IN,TIER_1,CONSERVATIVE,4711980.5,2025-02-01
C00000109,Cobalt Securities,INSTITUTIONAL,BR,TIER_1,CONSERVATIVE,1944510720.91,2016-08-26
C00000110,Summit Asset Management,INSTITUTIONAL,JP,TIER_1,CONSERVATIVE,221514746.47,2012-05-02
C00000111,Zara Lopez,RETAIL,SG,TIER_2,MODERATE,314285.55,2019-12-13
C00000112,Chen Dubois,RETAIL,NL,TIER_2,AGGRESSIVE,1253247.3,2014-01-11
C00000113,Vanguard Group,HEDGE_FUND,CA,TIER_1,MODERATE,6946278983.82,2013-07-15
C00000114,Mateo Rossi,RETAIL,DE,TIER_1,AGGRESSIVE,1102910.74,2019-12-03
C00000115,Helios Wealth,INSTITUTIONAL,HK,TIER_2,CONSERVATIVE,4871200315.58,2023-12-23
C00000116,Summit Holdings,INSTITUTIONAL,AU,TIER_2,AGGRESSIVE,326747846.47,2021-04-20
C00000117,Mateo Nguyen,RETAIL,DE,TIER_1,AGGRESSIVE,1596841.8,2018-03-05
C00000118,Northstar Group,PENSION,CH,TIER_1,AGGRESSIVE,47444241049.27,2015-03-08
C00000119,Sofia Lopez,RETAIL,US,TIER_1,CONSERVATIVE,3012297.3,2025-10-10
C00000120,Alex Khan,RETAIL,CH,TIER_1,CONSERVATIVE,1710387.63,2022-03-30
C00000121,Orion Group,PENSION,US,TIER_1,AGGRESSIVE,35382468915.75,2023-01-17
C00000122,Orion Wealth,HEDGE_FUND,HK,TIER_3,MODERATE,14120306391.6,2011-05-16
C00000123,Priya Khan,RETAIL,JP,TIER_1,CONSERVATIVE,3664436.61,2016-06-04
C00000124,Helios Group,HEDGE_FUND,DE,TIER_2,AGGRESSIVE,13901851926.02,2012-06-16
C00000125,Summit Fund Management,HEDGE_FUND,DE,TIER_1,AGGRESSIVE,13801118948.02,2023-05-14
C00000126,Northstar Fund Management,INSTITUTIONAL,SG,TIER_2,AGGRESSIVE,210294577.49,2012-09-17
C00000127,Granite Fund Management,INSTITUTIONAL,FR,TIER_2,CONSERVATIVE,4686604578.09,2023-01-25
C00000128,Apex Investments,INSTITUTIONAL,HK,TIER_3,CONSERVATIVE,3199124512.69,2024-03-26
C00000129,Quantum Group,HEDGE_FUND,CA,TIER_1,CONSERVATIVE,5065863176.39,2024-09-13
C00000130,Priya Smith,RETAIL,US,TIER_1,AGGRESSIVE,2104069.61,2022-06-29
C00000131,Helios Securities,PENSION,HK,TIER_1,CONSERVATIVE,41525945389.53,2013-04-04
C00000132,Yuki Müller,RETAIL,CA,TIER_1,CONSERVATIVE,1481593.98,2019-01-28
C00000133,Apex Partners,INSTITUTIONAL,HK,TIER_1,MODERATE,846477249.81,2024-07-16
C00000134,John Khan,RETAIL,CH,TIER_3,MODERATE,3525478.19,2016-07-19
C00000135,Bluewater Fund Management,PENSION,SG,TIER_1,CONSERVATIVE,16889181682.28,2021-12-17
C00000136,Fatima Ivanov,RETAIL,JP,TIER_2,MODERATE,1195365.94,2025-02-09
C00000137,Fatima Lopez,RETAIL,DE,TIER_1,CONSERVATIVE,2143753.73,2019-08-14
C00000138,Quantum Fund Management,HEDGE_FUND,CA,TIER_1,CONSERVATIVE,4218364360.18,2011-11-28
C00000139,Apex Advisors,INSTITUTIONAL,GB,TIER_1,MODERATE,2381175042.1,2011-05-25
C00000140,Quantum Wealth,INSTITUTIONAL,SG,TIER_1,MODERATE,1878538241.41,2016-03-23
C00000141,Helios Advisors,INSTITUTIONAL,JP,TIER_1,MODERATE,2843020610.18,2022-10-31
C00000142,Quantum Partners,HEDGE_FUND,GB,TIER_2,AGGRESSIVE,8338334392.14,2012-12-29
C00000143,Northstar Securities,INSTITUTIONAL,AU,TIER_1,AGGRESSIVE,3450986265.32,2015-07-29
C00000144,Yuki Lopez,RETAIL,JP,TIER_1,AGGRESSIVE,183295.18,2013-05-30
C00000145,Granite Fund Management,PENSION,NL,TIER_3,CONSERVATIVE,6453952800.39,2016-02-25
C00000146,Bluewater Investments,INSTITUTIONAL,IN,TIER_1,CONSERVATIVE,2145705751.61,2016-06-16
C00000147,Orion Asset Management,INSTITUTIONAL,CH,TIER_1,AGGRESSIVE,4575160987.65,2024-09-20
C00000148,Meridian Securities,INSTITUTIONAL,AU,TIER_1,MODERATE,2622456478.83,2025-12-11
C00000149,Cobalt Fund Management,HEDGE_FUND,AU,TIER_2,CONSERVATIVE,8347403735.5,2022-11-24
C00000150,Ethan Kim,RETAIL,GB,TIER_1,CONSERVATIVE,3930870.7,2014-03-18
C00000151,Crescent Securities,PENSION,JP,TIER_1,MODERATE,28815150370.03,2015-08-12
C00000152,Atlas Securities,INSTITUTIONAL,DE,TIER_2,AGGRESSIVE,3483623203.18,2025-05-09
C00000153,Hugo Tanaka,RETAIL,US,TIER_2,MODERATE,4486186.5,2025-10-08
C00000154,Granite Holdings,INSTITUTIONAL,JP,TIER_1,MODERATE,4298262177.01,2024-01-08
C00000155,Summit Asset Management,SOVEREIGN,JP,TIER_3,MODERATE,155032149138.59,2019-01-10
C00000156,Vanguard Fund Management,INSTITUTIONAL,NL,TIER_1,MODERATE,1096382985.42,2017-02-02
C00000157,Lucas Nguyen,RETAIL,US,TIER_1,CONSERVATIVE,337428.67,2014-11-09
C00000158,Lucas Murphy,RETAIL,US,TIER_1,CONSERVATIVE,4186513.62,2020-08-17
C00000159,Northstar Group,INSTITUTIONAL,BR,TIER_1,MODERATE,4126356143.86,2014-11-23
C00000160,Priya Smith,RETAIL,FR,TIER_1,AGGRESSIVE,2236056.13,2015-07-31
C00000161,Aisha Nguyen,RETAIL,DE,TIER_2,MODERATE,3747316.06,2024-03-12
C00000162,Vanguard Capital,INSTITUTIONAL,DE,TIER_2,CONSERVATIVE,4292700377.82,2011-09-14
C00000163,Summit Holdings,INSTITUTIONAL,NL,TIER_1,CONSERVATIVE,4329918154.05,2026-01-09
C00000164,Wei Müller,RETAIL,CH,TIER_2,CONSERVATIVE,1269428.3,2019-05-16
C00000165,Noah Cohen,RETAIL,SG,TIER_2,MODERATE,1267473.56,2015-10-03
C00000166,Meridian Fund Management,INSTITUTIONAL,SG,TIER_1,CONSERVATIVE,2581992901.47,2011-05-14
C00000167,Orion Group,SOVEREIGN,AU,TIER_2,AGGRESSIVE,57252698685.2,2023-10-19
C00000168,Hugo Rossi,RETAIL,NL,TIER_1,MODERATE,1313123.07,2011-08-12
C00000169,Bluewater Wealth,INSTITUTIONAL,IN,TIER_1,CONSERVATIVE,4036877622.04,2012-10-06
C00000170,Hugo Wang,RETAIL,BR,TIER_1,MODERATE,4987370.81,2020-05-27
C00000171,Vanguard Securities,PENSION,BR,TIER_1,AGGRESSIVE,49740309639.4,2021-12-18
C00000172,Sterling Investments,INSTITUTIONAL,NL,TIER_1,MODERATE,4537306202.25,2018-03-08
C00000173,Sofia Ivanov,RETAIL,DE,TIER_1,MODERATE,648441.26,2020-06-03
C00000174,Fatima Müller,RETAIL,NL,TIER_2,AGGRESSIVE,455606.11,2018-04-03
C00000175,Orion Holdings,INSTITUTIONAL,SG,TIER_2,MODERATE,1889828027.34,2013-02-02
C00000176,Orion Partners,INSTITUTIONAL,CA,TIER_1,AGGRESSIVE,2938694367.73,2012-04-20
C00000177,Crescent Investments,INSTITUTIONAL,AU,TIER_1,AGGRESSIVE,1939262638.04,2019-07-13
C00000178,Wei Wang,RETAIL,FR,TIER_1,AGGRESSIVE,4465297.17,2015-12-17
C00000179,Orion Asset Management,INSTITUTIONAL,IN,TIER_1,MODERATE,3173612222.7,2022-04-04
C00000180,Northstar Capital,INSTITUTIONAL,CA,TIER_1,CONSERVATIVE,2902580632.9,2022-09-02
C00000181,John Wang,RETAIL,CH,TIER_1,MODERATE,2022933.47,2015-07-08
C00000182,Maria Ivanov,RETAIL,FR,TIER_2,CONSERVATIVE,4461111.9,2014-04-24
C00000183,Quantum Capital,INSTITUTIONAL,NL,TIER_2,CONSERVATIVE,3482947498.49,2018-07-02
C00000184,Apex Securities,INSTITUTIONAL,AU,TIER_1,CONSERVATIVE,373170761.23,2025-03-13
C00000185,Atlas Advisors,INSTITUTIONAL,BR,TIER_1,AGGRESSIVE,1722283998.48,2023-03-22
C00000186,Crescent Advisors,INSTITUTIONAL,HK,TIER_2,CONSERVATIVE,4743017550.85,2017-03-05
C00000187,Summit Asset Management,INSTITUTIONAL,FR,TIER_2,AGGRESSIVE,2547936095.2,2023-06-18
C00000188,Maria Jones,RETAIL,NL,TIER_1,AGGRESSIVE,3119442.54,2012-11-25
C00000189,Quantum Partners,SOVEREIGN,NL,TIER_2,CONSERVATIVE,138260199927.11,2016-11-15
C00000190,Priya Ivanov,RETAIL,JP,TIER_1,CONSERVATIVE,1035419.63,2012-02-01
C00000191,Vanguard Partners,INSTITUTIONAL,NL,TIER_1,AGGRESSIVE,3047889967.77,2023-02-23
C00000192,Priya Brown,RETAIL,BR,TIER_2,MODERATE,578922.64,2023-11-03
C00000193,Anya Dubois,RETAIL,IN,TIER_1,AGGRESSIVE,4865867.41,2018-03-12
C00000194,Zara Müller,RETAIL,US,TIER_1,CONSERVATIVE,3444137.54,2015-06-11
C00000195,Northstar Capital,INSTITUTIONAL,NL,TIER_1,CONSERVATIVE,4184399218.05,2015-02-21
C00000196,Apex Wealth,INSTITUTIONAL,GB,TIER_2,CONSERVATIVE,4528657950.59,2011-10-09
C00000197,Atlas Holdings,INSTITUTIONAL,CA,TIER_1,CONSERVATIVE,4376995223.35,2019-09-15
C00000198,Hugo Cohen,RETAIL,BR,TIER_1,CONSERVATIVE,58264.92,2023-02-13
C00000199,Sofia Khan,RETAIL,HK,TIER_2,AGGRESSIVE,1348863.9,2024-02-20
C00000200,Hugo Müller,RETAIL,GB,TIER_1,MODERATE,1366447.12,2017-07-28
C00000201,Ahmed Cohen,RETAIL,NL,TIER_2,CONSERVATIVE,574152.22,2024-11-27
C00000202,Orion Asset Management,SOVEREIGN,GB,TIER_1,AGGRESSIVE,97052295257.53,2013-06-18
C00000203,Sofia Sato,RETAIL,SG,TIER_2,AGGRESSIVE,153792.99,2023-04-17
C00000204,Ahmed Kim,RETAIL,SG,TIER_1,CONSERVATIVE,1315448.21,2019-03-05
C00000205,Orion Wealth,INSTITUTIONAL,IN,TIER_2,AGGRESSIVE,2846810517.15,2018-08-20
C00000206,Anya Kim,RETAIL,SG,TIER_2,CONSERVATIVE,2414829.09,2011-05-03
C00000207,Mateo Wang,RETAIL,AU,TIER_2,AGGRESSIVE,282284.91,2011-10-17
C00000208,Meridian Advisors,PENSION,CA,TIER_2,CONSERVATIVE,37695785051.86,2019-01-12
C00000209,Atlas Capital,INSTITUTIONAL,AU,TIER_1,AGGRESSIVE,1924256082.97,2020-12-13
C00000210,Helios Fund Management,INSTITUTIONAL,CA,TIER_1,MODERATE,2262987193.57,2023-07-24
C00000211,Sterling Capital,SOVEREIGN,GB,TIER_1,CONSERVATIVE,111869071269.56,2026-03-21
C00000212,Granite Fund Management,HEDGE_FUND,CH,TIER_2,AGGRESSIVE,11290418184.67,2011-07-17
C00000213,Hugo Nguyen,RETAIL,US,TIER_2,MODERATE,1666543.4,2012-04-27
C00000214,Aisha Singh,RETAIL,GB,TIER_1,AGGRESSIVE,1116518.07,2018-07-26
C00000215,Zara Ivanov,RETAIL,AU,TIER_1,CONSERVATIVE,238432.77,2022-07-17
C00000216,Chen Kim,RETAIL,JP,TIER_2,CONSERVATIVE,612521.58,2017-05-30
C00000217,Orion Investments,INSTITUTIONAL,BR,TIER_1,MODERATE,280176791.45,2012-01-08
C00000218,Cobalt Partners,HEDGE_FUND,IN,TIER_2,MODERATE,13203288230.5,2014-11-30
C00000219,Helios Capital,INSTITUTIONAL,AU,TIER_2,AGGRESSIVE,4679775990.12,2013-02-05
C00000220,Lucas Müller,RETAIL,BR,TIER_1,AGGRESSIVE,4078068.33,2023-11-25
C00000221,Anya Sato,RETAIL,HK,TIER_1,MODERATE,2099137.08,2012-07-25
C00000222,Granite Investments,PENSION,JP,TIER_1,MODERATE,48539336670.65,2016-01-25
C00000223,Bluewater Securities,HEDGE_FUND,CH,TIER_2,AGGRESSIVE,10294662987.8,2013-12-08
C00000224,Sterling Wealth,PENSION,NL,TIER_1,CONSERVATIVE,31396295665.67,2019-09-15
C00000225,Wei Müller,RETAIL,AU,TIER_1,AGGRESSIVE,1618683.17,2023-08-20
C00000226,Meridian Advisors,HEDGE_FUND,CH,TIER_1,AGGRESSIVE,14231460266.62,2014-04-01
C00000227,Orion Securities,INSTITUTIONAL,IN,TIER_1,CONSERVATIVE,175097099.21,2022-12-18
C00000228,Northstar Investments,INSTITUTIONAL,JP,TIER_2,CONSERVATIVE,4918485348.44,2020-08-08
C00000229,Northstar Holdings,INSTITUTIONAL,FR,TIER_2,CONSERVATIVE,1825478064.86,2016-01-27
C00000230,Orion Wealth,INSTITUTIONAL,FR,TIER_2,AGGRESSIVE,1974988977.43,2014-10-06
C00000231,Granite Holdings,HEDGE_FUND,BR,TIER_2,MODERATE,7812337507.98,2019-03-18
C00000232,Northstar Capital,SOVEREIGN,BR,TIER_1,AGGRESSIVE,173901142302.19,2016-04-14
C00000233,Crescent Group,HEDGE_FUND,IN,TIER_1,AGGRESSIVE,12107400848.04,2021-11-18
C00000234,Bluewater Partners,INSTITUTIONAL,DE,TIER_3,AGGRESSIVE,2593541921.23,2017-10-05
C00000235,Atlas Wealth,INSTITUTIONAL,JP,TIER_1,AGGRESSIVE,4237770270.65,2026-02-04
C00000236,Sterling Asset Management,INSTITUTIONAL,US,TIER_1,MODERATE,3004557643.47,2012-03-12
C00000237,Zara Lopez,RETAIL,IN,TIER_1,MODERATE,373675.17,2019-02-04
C00000238,Sofia Brown,RETAIL,GB,TIER_2,CONSERVATIVE,2085496.91,2014-03-06
C00000239,Aisha Tanaka,RETAIL,FR,TIER_2,MODERATE,1810381.15,2021-04-28
C00000240,Cobalt Wealth,SOVEREIGN,CA,TIER_3,AGGRESSIVE,2751935562.71,2018-06-18
C00000241,Anya Sato,RETAIL,FR,TIER_3,AGGRESSIVE,4429444.19,2017-09-01
C00000242,Apex Securities,PENSION,JP,TIER_1,MODERATE,1722933621.04,2014-08-18
C00000243,Pinnacle Wealth,HEDGE_FUND,IN,TIER_1,MODERATE,972648052.12,2011-08-11
C00000244,Meridian Partners,INSTITUTIONAL,GB,TIER_1,AGGRESSIVE,2689368819.72,2012-02-29
C00000245,Quantum Investments,INSTITUTIONAL,NL,TIER_1,CONSERVATIVE,1067618861.51,2016-06-17
C00000246,John Wang,RETAIL,US,TIER_1,MODERATE,199052.71,2024-07-30
C00000247,Granite Holdings,INSTITUTIONAL,AU,TIER_1,CONSERVATIVE,4559383543.43,2017-01-29
C00000248,Mateo Cohen,RETAIL,HK,TIER_1,AGGRESSIVE,600345.75,2026-02-02
C00000249,Anya Patel,RETAIL,IN,TIER_2,CONSERVATIVE,3507401.34,2024-08-05
C00000250,Lucas Kim,RETAIL,JP,TIER_2,MODERATE,3036763.55,2019-11-28
C00000251,Helios Securities,HEDGE_FUND,SG,TIER_2,CONSERVATIVE,9532354779.62,2014-04-04
C00000252,Sterling Securities,INSTITUTIONAL,IN,TIER_2,AGGRESSIVE,1510143423.1,2012-01-01
C00000253,Quantum Group,INSTITUTIONAL,US,TIER_1,AGGRESSIVE,749800637.81,2025-04-14
C00000254,Cobalt Securities,INSTITUTIONAL,AU,TIER_1,CONSERVATIVE,1558221204.13,2018-07-06
C00000255,Crescent Wealth,INSTITUTIONAL,DE,TIER_1,CONSERVATIVE,3103580370.04,2020-07-21
C00000256,Bluewater Fund Management,INSTITUTIONAL,US,TIER_2,AGGRESSIVE,2333262758.26,2013-11-23
C00000257,Quantum Partners,INSTITUTIONAL,JP,TIER_1,AGGRESSIVE,2923948484.37,2018-10-20
C00000258,Yuki Kim,RETAIL,JP,TIER_2,CONSERVATIVE,1595751.83,2016-02-12
C00000259,Quantum Holdings,INSTITUTIONAL,BR,TIER_1,AGGRESSIVE,2855966370.21,2019-02-16
C00000260,Bluewater Capital,SOVEREIGN,HK,TIER_1,CONSERVATIVE,142727626317.91,2011-11-07
C00000261,Aisha Wang,RETAIL,NL,TIER_2,MODERATE,2319613.4,2018-03-06
C00000262,Helios Wealth,HEDGE_FUND,GB,TIER_1,AGGRESSIVE,1731276492.41,2019-12-06
C00000263,Bluewater Wealth,PENSION,FR,TIER_1,AGGRESSIVE,4284887738.58,2024-07-13
C00000264,Orion Wealth,PENSION,NL,TIER_1,AGGRESSIVE,29155588969.99,2012-12-27
C00000265,Northstar Wealth,INSTITUTIONAL,JP,TIER_1,AGGRESSIVE,2386914556.38,2022-11-21
C00000266,Yuki Murphy,RETAIL,BR,TIER_2,CONSERVATIVE,2328858.7,2014-10-10
C00000267,Pinnacle Wealth,INSTITUTIONAL,US,TIER_2,AGGRESSIVE,3436600201.36,2014-09-10
C00000268,Bluewater Asset Management,INSTITUTIONAL,CH,TIER_3,AGGRESSIVE,4367366013.23,2022-12-11
C00000269,Ahmed Nguyen,RETAIL,US,TIER_1,MODERATE,1166432.04,2020-04-17
C00000270,Maria Dubois,RETAIL,AU,TIER_3,MODERATE,1946584.62,2016-01-10
C00000271,Northstar Group,PENSION,GB,TIER_2,AGGRESSIVE,31861565597.86,2020-02-02
C00000272,Atlas Fund Management,HEDGE_FUND,AU,TIER_1,MODERATE,13108138731.36,2018-01-11
C00000273,John Brown,RETAIL,JP,TIER_1,CONSERVATIVE,2586695.19,2018-04-23
C00000274,Pinnacle Advisors,HEDGE_FUND,IN,TIER_1,AGGRESSIVE,231293962.8,2023-02-08
C00000275,Yuki Patel,RETAIL,AU,TIER_2,CONSERVATIVE,759699.63,2022-09-10
C00000276,Priya Tanaka,RETAIL,SG,TIER_2,AGGRESSIVE,575560.1,2015-06-26
C00000277,Ethan Müller,RETAIL,NL,TIER_2,CONSERVATIVE,1225914.83,2023-05-10
C00000278,Sofia Wang,RETAIL,NL,TIER_1,AGGRESSIVE,742856.85,2022-06-29
C00000279,Bluewater Wealth,INSTITUTIONAL,SG,TIER_1,AGGRESSIVE,3206232398.32,2011-05-19
C00000280,Apex Investments,HEDGE_FUND,CA,TIER_2,MODERATE,17359317739.94,2022-05-25
C00000281,Vanguard Fund Management,INSTITUTIONAL,DE,TIER_2,CONSERVATIVE,3134898107.61,2014-10-07
C00000282,Sterling Group,INSTITUTIONAL,CA,TIER_1,CONSERVATIVE,1187578246.53,2017-07-30
C00000283,Northstar Investments,INSTITUTIONAL,AU,TIER_2,AGGRESSIVE,3437620764.43,2022-11-13
C00000284,Sofia Lopez,RETAIL,CH,TIER_1,AGGRESSIVE,2521612.75,2023-08-03
C00000285,Quantum Asset Management,INSTITUTIONAL,CH,TIER_1,CONSERVATIVE,4489996316.6,2011-08-30
C00000286,Chen Nguyen,RETAIL,US,TIER_2,MODERATE,1155136.42,2015-05-30
C00000287,Vanguard Group,HEDGE_FUND,CH,TIER_2,AGGRESSIVE,11564804256.29,2016-09-05
C00000288,Helios Investments,INSTITUTIONAL,GB,TIER_1,AGGRESSIVE,2072801188.2,2021-12-25
C00000289,Sterling Capital,INSTITUTIONAL,CH,TIER_1,AGGRESSIVE,85610559.63,2011-07-17
C00000290,Granite Group,INSTITUTIONAL,SG,TIER_1,CONSERVATIVE,2159054365.94,2013-02-03
C00000291,Orion Wealth,INSTITUTIONAL,SG,TIER_1,AGGRESSIVE,1414024687.26,2017-04-23
C00000292,Vanguard Wealth,HEDGE_FUND,IN,TIER_1,CONSERVATIVE,7467238080.7,2013-10-11
C00000293,Zara Murphy,RETAIL,HK,TIER_2,MODERATE,3681554.33,2011-06-09
C00000294,Summit Advisors,INSTITUTIONAL,IN,TIER_2,CONSERVATIVE,546379156.87,2014-10-27
C00000295,Hugo Ivanov,RETAIL,CH,TIER_2,AGGRESSIVE,269743.46,2017-06-30
C00000296,Northstar Partners,SOVEREIGN,DE,TIER_1,AGGRESSIVE,87640109476.0,2024-10-14
C00000297,Pinnacle Partners,INSTITUTIONAL,CH,TIER_1,MODERATE,4656890705.77,2017-03-27
C00000298,Lucas Silva,RETAIL,BR,TIER_3,CONSERVATIVE,4729122.13,2022-04-17
C00000299,Olivia Smith,RETAIL,FR,TIER_2,AGGRESSIVE,1437172.49,2025-06-20
C00000300,Meridian Wealth,HEDGE_FUND,BR,TIER_1,CONSERVATIVE,13513085182.14,2018-02-26
C00000301,Northstar Asset Management,INSTITUTIONAL,GB,TIER_3,MODERATE,1797981933.61,2017-05-11
C00000302,Liam Brown,RETAIL,US,TIER_2,CONSERVATIVE,4596695.33,2013-11-23
C00000303,Orion Wealth,INSTITUTIONAL,CH,TIER_1,MODERATE,1170162789.16,2021-11-10
C00000304,Mateo Murphy,RETAIL,US,TIER_1,MODERATE,2536128.1,2013-09-10
C00000305,Atlas Group,INSTITUTIONAL,GB,TIER_2,MODERATE,4386759578.9,2013-04-30
C00000306,Helios Securities,INSTITUTIONAL,CH,TIER_1,CONSERVATIVE,3799492760.98,2015-12-07
C00000307,Ethan Smith,RETAIL,CA,TIER_1,CONSERVATIVE,1919539.5,2021-04-12
C00000308,Yuki Khan,RETAIL,SG,TIER_3,AGGRESSIVE,2682903.02,2020-04-25
C00000309,Apex Securities,INSTITUTIONAL,NL,TIER_2,MODERATE,426342661.64,2022-03-21
C00000310,Aisha Dubois,RETAIL,CH,TIER_1,AGGRESSIVE,3418705.47,2021-12-16
C00000311,Liam Tanaka,RETAIL,BR,TIER_1,MODERATE,1041825.38,2021-09-03
C00000312,Orion Fund Management,HEDGE_FUND,HK,TIER_1,CONSERVATIVE,2485582003.83,2024-06-18
C00000313,Ahmed Sato,RETAIL,US,TIER_2,AGGRESSIVE,4790385.52,2015-05-29
C00000314,Hugo Lopez,RETAIL,CH,TIER_2,MODERATE,922530.6,2014-10-04
C00000315,Summit Fund Management,INSTITUTIONAL,DE,TIER_1,MODERATE,2417684379.23,2014-02-04
C00000316,Pinnacle Securities,INSTITUTIONAL,NL,TIER_2,MODERATE,4883710616.42,2014-08-07
C00000317,Alex Smith,RETAIL,NL,TIER_1,AGGRESSIVE,512731.65,2018-02-10
C00000318,Noah Müller,RETAIL,AU,TIER_1,MODERATE,2362013.37,2012-06-21
C00000319,Bluewater Advisors,INSTITUTIONAL,SG,TIER_1,AGGRESSIVE,3773369028.74,2018-01-13
C00000320,Atlas Advisors,PENSION,DE,TIER_1,AGGRESSIVE,34457589651.0,2023-12-25
C00000321,Yuki Ivanov,RETAIL,SG,TIER_2,CONSERVATIVE,737760.24,2022-11-13
C00000322,Alex Müller,RETAIL,SG,TIER_1,AGGRESSIVE,2589864.8,2019-02-21
C00000323,Atlas Holdings,HEDGE_FUND,AU,TIER_2,CONSERVATIVE,8028197847.08,2022-07-23
C00000324,Orion Holdings,INSTITUTIONAL,CA,TIER_2,CONSERVATIVE,2276781354.37,2018-09-19
C00000325,Pinnacle Wealth,INSTITUTIONAL,AU,TIER_3,MODERATE,1753494368.48,2016-12-26
C00000326,Orion Fund Management,INSTITUTIONAL,FR,TIER_1,AGGRESSIVE,3263198211.9,2022-04-23
C00000327,Atlas Group,SOVEREIGN,HK,TIER_2,MODERATE,155174129058.19,2016-03-13
C00000328,Vanguard Fund Management,PENSION,JP,TIER_1,CONSERVATIVE,43478753699.32,2011-11-09
C00000329,Pinnacle Securities,HEDGE_FUND,NL,TIER_2,MODERATE,16993125361.58,2024-08-15
C00000330,Pinnacle Investments,INSTITUTIONAL,HK,TIER_1,MODERATE,3566645751.33,2012-08-23
C00000331,Noah Singh,RETAIL,IN,TIER_2,MODERATE,3741998.54,2014-07-16
C00000332,Vanguard Asset Management,SOVEREIGN,DE,TIER_2,CONSERVATIVE,145826710870.05,2011-05-17
C00000333,Sterling Partners,INSTITUTIONAL,FR,TIER_1,CONSERVATIVE,522990908.96,2015-08-11
C00000334,Alex Jones,RETAIL,AU,TIER_2,CONSERVATIVE,528602.74,2012-05-11
C00000335,Quantum Securities,INSTITUTIONAL,JP,TIER_1,AGGRESSIVE,1456667636.29,2012-03-03
C00000336,Meridian Asset Management,INSTITUTIONAL,US,TIER_1,MODERATE,4308825646.2,2018-12-05
C00000337,Helios Wealth,PENSION,JP,TIER_1,CONSERVATIVE,48492342095.45,2014-02-16
C00000338,Cobalt Advisors,INSTITUTIONAL,NL,TIER_2,AGGRESSIVE,2203137988.53,2011-11-15
C00000339,Zara Nguyen,RETAIL,CA,TIER_1,CONSERVATIVE,2214882.92,2018-01-07
C00000340,Wei Silva,RETAIL,US,TIER_1,CONSERVATIVE,1725985.74,2015-09-13
C00000341,Ahmed Lopez,RETAIL,JP,TIER_1,MODERATE,3991844.23,2012-10-31
C00000342,Northstar Wealth,INSTITUTIONAL,HK,TIER_1,AGGRESSIVE,2213676513.76,2020-08-13
C00000343,Sterling Securities,INSTITUTIONAL,SG,TIER_1,CONSERVATIVE,2140084944.63,2020-11-06
C00000344,Anya Rossi,RETAIL,JP,TIER_2,AGGRESSIVE,4045955.16,2016-12-17
C00000345,Apex Asset Management,INSTITUTIONAL,DE,TIER_1,AGGRESSIVE,2303947912.59,2016-01-25
C00000346,Cobalt Advisors,INSTITUTIONAL,FR,TIER_1,CONSERVATIVE,295678757.5,2014-03-23
C00000347,Apex Holdings,INSTITUTIONAL,JP,TIER_1,MODERATE,3649179998.72,2020-12-31
C00000348,Northstar Advisors,INSTITUTIONAL,FR,TIER_1,MODERATE,3939340426.83,2015-01-17
C00000349,Helios Capital,SOVEREIGN,HK,TIER_1,CONSERVATIVE,12151630535.98,2017-06-03
C00000350,Helios Asset Management,INSTITUTIONAL,FR,TIER_2,MODERATE,4095391083.8,2025-12-09
C00000351,Granite Investments,INSTITUTIONAL,SG,TIER_2,MODERATE,1273452845.97,2025-06-21
C00000352,Sterling Partners,INSTITUTIONAL,AU,TIER_2,CONSERVATIVE,2390486447.71,2019-03-23
C00000353,Bluewater Capital,PENSION,BR,TIER_3,AGGRESSIVE,6546004850.71,2015-06-06
C00000354,Liam Nguyen,RETAIL,US,TIER_2,CONSERVATIVE,4866637.56,2020-12-05
C00000355,Hugo Smith,RETAIL,DE,TIER_2,AGGRESSIVE,607051.46,2020-10-08
C00000356,Northstar Fund Management,INSTITUTIONAL,IN,TIER_2,AGGRESSIVE,3001250805.46,2017-11-22
C00000357,Summit Asset Management,HEDGE_FUND,CA,TIER_1,AGGRESSIVE,6834599725.34,2012-03-14
C00000358,Pinnacle Asset Management,INSTITUTIONAL,BR,TIER_1,CONSERVATIVE,672845915.44,2021-01-01
C00000359,Meridian Group,INSTITUTIONAL,IN,TIER_2,AGGRESSIVE,1005178230.3,2017-10-01
C00000360,Wei Rossi,RETAIL,US,TIER_1,MODERATE,2799533.71,2014-01-18
C00000361,Liam Murphy,RETAIL,DE,TIER_1,MODERATE,3664688.03,2020-01-18
C00000362,Cobalt Wealth,PENSION,DE,TIER_1,CONSERVATIVE,22744517889.89,2020-04-25
C00000363,Olivia Smith,RETAIL,IN,TIER_2,MODERATE,3670952.13,2025-10-20
C00000364,Aisha Sato,RETAIL,FR,TIER_1,CONSERVATIVE,3294864.19,2014-02-18
C00000365,Summit Wealth,HEDGE_FUND,NL,TIER_1,AGGRESSIVE,3167217127.23,2019-11-15
C00000366,Quantum Group,INSTITUTIONAL,GB,TIER_1,AGGRESSIVE,380065223.33,2023-04-24
C00000367,Northstar Investments,INSTITUTIONAL,GB,TIER_1,CONSERVATIVE,207494892.0,2011-10-30
C00000368,Quantum Advisors,HEDGE_FUND,AU,TIER_2,AGGRESSIVE,5193176753.65,2018-01-02
C00000369,Sterling Partners,INSTITUTIONAL,US,TIER_3,CONSERVATIVE,3295959341.4,2024-06-05
C00000370,Maria Nguyen,RETAIL,AU,TIER_2,MODERATE,4111912.32,2024-11-30
C00000371,Atlas Wealth,HEDGE_FUND,US,TIER_2,MODERATE,1650913959.72,2021-05-19
C00000372,Apex Partners,SOVEREIGN,BR,TIER_1,MODERATE,38702622208.23,2014-06-03
C00000373,Ethan Müller,RETAIL,AU,TIER_2,MODERATE,3733080.8,2011-11-25
C00000374,Olivia Cohen,RETAIL,GB,TIER_1,CONSERVATIVE,2754327.68,2014-11-26
C00000375,Bluewater Wealth,INSTITUTIONAL,CH,TIER_1,MODERATE,4517300604.73,2013-11-19
C00000376,Pinnacle Group,SOVEREIGN,SG,TIER_2,MODERATE,165404840033.11,2018-12-20
C00000377,Ethan Ivanov,RETAIL,FR,TIER_1,AGGRESSIVE,4631473.14,2020-07-10
C00000378,Olivia Singh,RETAIL,SG,TIER_1,CONSERVATIVE,4914952.79,2012-11-10
C00000379,Bluewater Holdings,INSTITUTIONAL,US,TIER_1,CONSERVATIVE,1113372923.33,2019-02-28
C00000380,Orion Holdings,INSTITUTIONAL,AU,TIER_1,AGGRESSIVE,4633316128.55,2022-10-02
C00000381,Helios Group,INSTITUTIONAL,DE,TIER_1,MODERATE,4453645494.82,2020-08-14
C00000382,Granite Holdings,INSTITUTIONAL,GB,TIER_1,AGGRESSIVE,4593514926.56,2024-06-28
C00000383,Ahmed Müller,RETAIL,CA,TIER_2,AGGRESSIVE,3517211.0,2024-01-31
C00000384,Zara Garcia,RETAIL,BR,TIER_2,MODERATE,401602.21,2024-12-19
C00000385,Pinnacle Group,PENSION,SG,TIER_1,CONSERVATIVE,43554432449.0,2021-02-19
C00000386,Anya Smith,RETAIL,NL,TIER_2,MODERATE,280098.46,2014-06-18
C00000387,Meridian Fund Management,INSTITUTIONAL,DE,TIER_1,AGGRESSIVE,1142946015.36,2025-02-02
C00000388,Mateo Singh,RETAIL,IN,TIER_1,AGGRESSIVE,459513.93,2016-07-14
C00000389,Vanguard Asset Management,INSTITUTIONAL,DE,TIER_1,MODERATE,2878630923.03,2025-02-12
C00000390,Noah Patel,RETAIL,SG,TIER_1,AGGRESSIVE,660572.12,2023-03-14
C00000391,Liam Lopez,RETAIL,SG,TIER_2,CONSERVATIVE,2810226.37,2014-06-19
C00000392,Apex Holdings,INSTITUTIONAL,IN,TIER_1,AGGRESSIVE,4624483500.43,2024-03-19
C00000393,Vanguard Securities,INSTITUTIONAL,HK,TIER_1,MODERATE,1755398302.08,2011-07-10
C00000394,Atlas Asset Management,INSTITUTIONAL,HK,TIER_2,MODERATE,3134751673.58,2016-05-05
C00000395,Orion Investments,INSTITUTIONAL,FR,TIER_2,CONSERVATIVE,3800782223.84,2024-04-19
C00000396,Northstar Investments,INSTITUTIONAL,CH,TIER_3,MODERATE,117979798.83,2023-09-23
C00000397,Helios Capital,INSTITUTIONAL,HK,TIER_1,AGGRESSIVE,1098782802.07,2013-12-19
C00000398,Noah Ivanov,RETAIL,CA,TIER_2,CONSERVATIVE,3478405.01,2025-10-23
C00000399,Lucas Garcia,RETAIL,JP,TIER_1,MODERATE,1011473.32,2012-05-12
C00000400,Helios Capital,INSTITUTIONAL,GB,TIER_1,MODERATE,3331759096.81,2011-06-02
C00000401,Priya Smith,RETAIL,JP,TIER_2,AGGRESSIVE,1938750.9,2017-09-07
C00000402,Priya Khan,RETAIL,CA,TIER_2,AGGRESSIVE,449223.14,2021-10-05
C00000403,Olivia Ivanov,RETAIL,BR,TIER_1,CONSERVATIVE,4612127.88,2019-05-21
C00000404,Vanguard Asset Management,INSTITUTIONAL,US,TIER_1,MODERATE,1809121759.57,2019-06-11
C00000405,Meridian Holdings,INSTITUTIONAL,IN,TIER_1,MODERATE,4399452507.25,2025-07-24
C00000406,Atlas Investments,PENSION,DE,TIER_1,MODERATE,33018122068.01,2024-04-02
C00000407,Lucas Sato,RETAIL,NL,TIER_2,MODERATE,1209400.43,2022-10-18
C00000408,Zara Sato,RETAIL,HK,TIER_1,CONSERVATIVE,1041718.8,2023-02-11
C00000409,Liam Wang,RETAIL,JP,TIER_2,AGGRESSIVE,4548717.95,2016-07-29
C00000410,Granite Asset Management,SOVEREIGN,NL,TIER_3,CONSERVATIVE,64181745957.55,2013-09-21
C00000411,Priya Müller,RETAIL,HK,TIER_2,CONSERVATIVE,3638126.87,2019-01-28
C00000412,Vanguard Securities,PENSION,JP,TIER_1,AGGRESSIVE,46695876505.58,2020-01-31
C00000413,Summit Partners,INSTITUTIONAL,DE,TIER_1,AGGRESSIVE,3103885202.27,2012-08-21
C00000414,Yuki Sato,RETAIL,FR,TIER_1,CONSERVATIVE,1802714.06,2015-07-14
C00000415,Orion Fund Management,INSTITUTIONAL,CA,TIER_2,MODERATE,960683564.98,2017-07-13
C00000416,Wei Müller,RETAIL,FR,TIER_1,MODERATE,3825048.88,2025-11-20
C00000417,Vanguard Investments,PENSION,BR,TIER_2,CONSERVATIVE,38009941191.42,2024-09-27
C00000418,Helios Fund Management,INSTITUTIONAL,CA,TIER_2,MODERATE,4443555233.42,2016-08-19
C00000419,Maria Sato,RETAIL,BR,TIER_2,AGGRESSIVE,1571358.48,2012-07-04
C00000420,Cobalt Fund Management,PENSION,AU,TIER_1,AGGRESSIVE,39452533184.78,2014-07-18
C00000421,Helios Capital,INSTITUTIONAL,FR,TIER_1,MODERATE,4919961686.35,2025-05-05
C00000422,Lucas Garcia,RETAIL,FR,TIER_1,MODERATE,4423143.9,2019-10-23
C00000423,Chen Silva,RETAIL,CH,TIER_3,AGGRESSIVE,2589678.55,2023-01-12
C00000424,Olivia Patel,RETAIL,BR,TIER_1,CONSERVATIVE,3895868.4,2013-12-19
C00000425,Vanguard Group,INSTITUTIONAL,CA,TIER_1,MODERATE,2972061602.68,2021-09-10
C00000426,Apex Holdings,PENSION,HK,TIER_2,AGGRESSIVE,39926068012.55,2023-06-14
C00000427,Sterling Advisors,INSTITUTIONAL,NL,TIER_1,AGGRESSIVE,3551031637.95,2014-09-30
C00000428,Sofia Jones,RETAIL,AU,TIER_1,CONSERVATIVE,4562141.37,2013-07-16
C00000429,Orion Asset Management,PENSION,DE,TIER_2,CONSERVATIVE,38573261430.46,2025-01-26
C00000430,Zara Singh,RETAIL,JP,TIER_2,CONSERVATIVE,4493724.15,2021-09-03
C00000431,Granite Holdings,INSTITUTIONAL,US,TIER_1,MODERATE,2740330740.04,2026-02-03
C00000432,Ahmed Tanaka,RETAIL,FR,TIER_1,MODERATE,2274155.03,2016-04-24
C00000433,Cobalt Capital,INSTITUTIONAL,FR,TIER_2,MODERATE,3117841892.4,2013-09-19
C00000434,Summit Capital,HEDGE_FUND,DE,TIER_1,AGGRESSIVE,7045494680.34,2022-12-18
C00000435,Quantum Fund Management,PENSION,CH,TIER_1,CONSERVATIVE,2927052456.07,2016-11-14
C00000436,Bluewater Holdings,SOVEREIGN,CH,TIER_2,AGGRESSIVE,119398828274.64,2013-08-12
C00000437,Helios Fund Management,INSTITUTIONAL,HK,TIER_3,CONSERVATIVE,3854134315.86,2018-12-25
C00000438,Mateo Patel,RETAIL,IN,TIER_1,AGGRESSIVE,333980.07,2015-08-31
C00000439,Sterling Holdings,INSTITUTIONAL,HK,TIER_1,AGGRESSIVE,1088734577.93,2021-07-14
C00000440,Priya Murphy,RETAIL,BR,TIER_3,AGGRESSIVE,4936074.43,2015-05-17
C00000441,Anya Silva,RETAIL,SG,TIER_2,MODERATE,1305703.6,2013-04-28
C00000442,Pinnacle Asset Management,SOVEREIGN,CH,TIER_1,AGGRESSIVE,146107764055.88,2015-01-22
C00000443,Sofia Sato,RETAIL,FR,TIER_2,CONSERVATIVE,17888.78,2025-09-07
C00000444,Priya Dubois,RETAIL,IN,TIER_2,MODERATE,2076065.29,2018-09-26
C00000445,Granite Investments,INSTITUTIONAL,US,TIER_2,AGGRESSIVE,1444052181.09,2024-09-13
C00000446,Meridian Wealth,INSTITUTIONAL,HK,TIER_2,CONSERVATIVE,3444887153.8,2018-07-26
C00000447,Ethan Sato,RETAIL,US,TIER_2,CONSERVATIVE,1659269.01,2018-08-23
C00000448,Helios Advisors,PENSION,IN,TIER_1,CONSERVATIVE,24334028394.46,2012-02-26
C00000449,Fatima Khan,RETAIL,CA,TIER_2,MODERATE,4639671.98,2024-12-19
C00000450,Atlas Fund Management,HEDGE_FUND,BR,TIER_2,AGGRESSIVE,10764120966.74,2021-07-20
C00000451,Hugo Nguyen,RETAIL,GB,TIER_3,MODERATE,4205288.38,2018-08-13
C00000452,Quantum Wealth,SOVEREIGN,DE,TIER_1,MODERATE,38288403119.47,2023-08-08
C00000453,Granite Holdings,PENSION,BR,TIER_2,AGGRESSIVE,2065596684.36,2016-12-09
C00000454,Crescent Investments,INSTITUTIONAL,HK,TIER_1,MODERATE,1119892402.36,2019-06-11
C00000455,Pinnacle Capital,INSTITUTIONAL,IN,TIER_1,CONSERVATIVE,2246681760.29,2025-08-30
C00000456,Crescent Wealth,HEDGE_FUND,DE,TIER_1,MODERATE,14675577228.44,2014-06-24
C00000457,Pinnacle Asset Management,INSTITUTIONAL,IN,TIER_2,AGGRESSIVE,3399750579.25,2023-03-31
C00000458,Northstar Advisors,INSTITUTIONAL,SG,TIER_2,AGGRESSIVE,623388135.96,2019-04-01
C00000459,Quantum Fund Management,PENSION,GB,TIER_1,CONSERVATIVE,5603590058.3,2011-06-11
C00000460,Alex Murphy,RETAIL,IN,TIER_1,CONSERVATIVE,1611193.05,2021-11-26
C00000461,Meridian Group,INSTITUTIONAL,IN,TIER_1,CONSERVATIVE,1399638323.03,2022-09-09
C00000462,Northstar Fund Management,INSTITUTIONAL,AU,TIER_1,CONSERVATIVE,2735517133.65,2013-11-25
C00000463,Bluewater Holdings,INSTITUTIONAL,CH,TIER_1,CONSERVATIVE,1591318920.52,2018-08-17
C00000464,Maria Wang,RETAIL,US,TIER_1,AGGRESSIVE,261775.49,2017-08-14
C00000465,Vanguard Securities,INSTITUTIONAL,DE,TIER_2,AGGRESSIVE,3165879914.83,2016-03-22
C00000466,Zara Khan,RETAIL,FR,TIER_2,AGGRESSIVE,4048406.12,2024-06-17
C00000467,Granite Advisors,SOVEREIGN,CH,TIER_1,AGGRESSIVE,94186905170.64,2016-01-02
C00000468,Quantum Advisors,INSTITUTIONAL,CA,TIER_1,CONSERVATIVE,761422334.7,2012-05-21
C00000469,Pinnacle Securities,INSTITUTIONAL,DE,TIER_2,AGGRESSIVE,1685123383.66,2018-12-09
C00000470,Alex Patel,RETAIL,CA,TIER_1,MODERATE,2311596.0,2022-05-23
C00000471,Pinnacle Fund Management,INSTITUTIONAL,CH,TIER_1,CONSERVATIVE,2058145612.08,2023-10-28
C00000472,Quantum Partners,INSTITUTIONAL,IN,TIER_1,MODERATE,2034041550.18,2016-12-13
C00000473,Summit Wealth,INSTITUTIONAL,DE,TIER_3,MODERATE,376996676.52,2021-07-21
C00000474,Cobalt Securities,HEDGE_FUND,IN,TIER_3,AGGRESSIVE,15767802734.75,2014-01-04
C00000475,Sofia Patel,RETAIL,BR,TIER_3,AGGRESSIVE,4185373.49,2023-08-29
C00000476,Olivia Khan,RETAIL,AU,TIER_1,MODERATE,889108.27,2017-02-13
C00000477,Apex Fund Management,INSTITUTIONAL,IN,TIER_2,MODERATE,2496760979.61,2011-06-01
C00000478,Summit Asset Management,INSTITUTIONAL,CH,TIER_3,AGGRESSIVE,4058704870.95,2022-12-07
C00000479,Olivia Ivanov,RETAIL,JP,TIER_1,AGGRESSIVE,2241327.25,2021-08-11
C00000480,Hugo Silva,RETAIL,CH,TIER_2,AGGRESSIVE,1529705.16,2016-06-21
C00000481,Aisha Patel,RETAIL,CH,TIER_1,AGGRESSIVE,2026945.11,2023-05-13
C00000482,Northstar Group,PENSION,AU,TIER_3,CONSERVATIVE,35316029159.14,2018-03-02
C00000483,Atlas Capital,INSTITUTIONAL,FR,TIER_1,AGGRESSIVE,2001628202.16,2019-02-01
C00000484,Mateo Jones,RETAIL,SG,TIER_1,AGGRESSIVE,875316.43,2023-02-07
C00000485,Vanguard Group,INSTITUTIONAL,SG,TIER_1,AGGRESSIVE,671468309.79,2025-12-17
C00000486,Northstar Asset Management,INSTITUTIONAL,BR,TIER_2,AGGRESSIVE,2211838823.01,2023-03-06
C00000487,Quantum Securities,INSTITUTIONAL,CA,TIER_2,AGGRESSIVE,3041926087.85,2016-09-03
C00000488,Olivia Brown,RETAIL,SG,TIER_1,MODERATE,1929726.44,2021-02-27
C00000489,Cobalt Capital,INSTITUTIONAL,CH,TIER_1,AGGRESSIVE,1221912338.03,2014-12-20
C00000490,Crescent Wealth,INSTITUTIONAL,CH,TIER_1,CONSERVATIVE,2862340409.62,2017-12-15
C00000491,Helios Partners,INSTITUTIONAL,DE,TIER_2,AGGRESSIVE,4918716535.75,2019-12-15
C00000492,John Brown,RETAIL,CH,TIER_1,MODERATE,3157007.62,2011-05-03
C00000493,Apex Wealth,SOVEREIGN,IN,TIER_1,AGGRESSIVE,11502080156.01,2018-07-08
C00000494,Alex Lopez,RETAIL,CA,TIER_1,MODERATE,2874086.86,2018-10-15
C00000495,Zara Silva,RETAIL,DE,TIER_1,AGGRESSIVE,3749632.14,2013-07-31
C00000496,Quantum Advisors,INSTITUTIONAL,CH,TIER_1,CONSERVATIVE,3298783437.55,2019-09-05
C00000497,Cobalt Capital,HEDGE_FUND,JP,TIER_1,CONSERVATIVE,10161362575.21,2019-12-28
C00000498,Cobalt Holdings,INSTITUTIONAL,JP,TIER_2,CONSERVATIVE,3720074370.89,2012-09-05
C00000499,Cobalt Asset Management,INSTITUTIONAL,NL,TIER_1,CONSERVATIVE,1343200310.12,2020-12-04
C00000500,Lucas Garcia,RETAIL,HK,TIER_3,CONSERVATIVE,2981765.02,2022-10-07
C00000501,Granite Securities,HEDGE_FUND,IN,TIER_1,AGGRESSIVE,8859681667.0,2011-12-03
C00000502,Cobalt Group,INSTITUTIONAL,US,TIER_2,CONSERVATIVE,309989825.11,2015-10-25
C00000503,Zara Lopez,RETAIL,BR,TIER_3,AGGRESSIVE,1175969.95,2017-06-22
C00000504,Wei Brown,RETAIL,SG,TIER_1,MODERATE,1916200.43,2019-02-21
C00000505,Quantum Capital,SOVEREIGN,GB,TIER_3,AGGRESSIVE,71411790820.07,2016-07-15
C00000506,Noah Khan,RETAIL,JP,TIER_1,CONSERVATIVE,1284166.16,2013-02-13
C00000507,Yuki Murphy,RETAIL,IN,TIER_1,MODERATE,3391813.62,2022-03-10
C00000508,Northstar Capital,INSTITUTIONAL,GB,TIER_1,CONSERVATIVE,2650058106.44,2016-03-21
C00000509,Zara Rossi,RETAIL,FR,TIER_1,AGGRESSIVE,468787.0,2012-11-23
C00000510,Liam Sato,RETAIL,NL,TIER_1,CONSERVATIVE,441068.01,2012-08-29
C00000511,Quantum Fund Management,INSTITUTIONAL,IN,TIER_3,CONSERVATIVE,3493485486.6,2020-07-16
C00000512,Quantum Partners,INSTITUTIONAL,NL,TIER_1,MODERATE,3858327692.85,2018-12-20
C00000513,Granite Partners,INSTITUTIONAL,JP,TIER_2,MODERATE,1973522617.27,2024-11-15
C00000514,Orion Holdings,INSTITUTIONAL,DE,TIER_1,MODERATE,4898138801.73,2021-09-21
C00000515,Sofia Lopez,RETAIL,GB,TIER_1,MODERATE,1099748.63,2011-10-17
C00000516,Helios Holdings,INSTITUTIONAL,GB,TIER_1,CONSERVATIVE,2878155571.23,2020-08-08
C00000517,Northstar Advisors,HEDGE_FUND,DE,TIER_2,CONSERVATIVE,18664585098.27,2011-04-26
C00000518,Wei Khan,RETAIL,SG,TIER_1,AGGRESSIVE,3540952.2,2015-03-21
C00000519,Mateo Patel,RETAIL,AU,TIER_1,MODERATE,4771235.18,2015-05-30
C00000520,Meridian Group,INSTITUTIONAL,HK,TIER_2,MODERATE,323213632.25,2011-09-17
C00000521,Meridian Group,INSTITUTIONAL,GB,TIER_2,MODERATE,3256573230.44,2022-04-06
C00000522,Mateo Dubois,RETAIL,JP,TIER_2,CONSERVATIVE,3156779.12,2018-03-01
C00000523,Olivia Dubois,RETAIL,DE,TIER_1,CONSERVATIVE,3601497.78,2012-12-03
C00000524,Vanguard Partners,INSTITUTIONAL,IN,TIER_1,MODERATE,2523436550.0,2016-02-23
C00000525,Northstar Capital,SOVEREIGN,HK,TIER_1,AGGRESSIVE,9520092157.25,2023-07-28
C00000526,Quantum Wealth,INSTITUTIONAL,CA,TIER_3,AGGRESSIVE,787320466.48,2013-03-24
C00000527,Apex Capital,INSTITUTIONAL,BR,TIER_1,AGGRESSIVE,144361884.02,2012-05-09
C00000528,Sterling Asset Management,INSTITUTIONAL,US,TIER_1,CONSERVATIVE,4528078635.57,2024-01-15
C00000529,Sofia Murphy,RETAIL,GB,TIER_2,CONSERVATIVE,579756.61,2012-11-16
C00000530,Summit Partners,HEDGE_FUND,IN,TIER_1,MODERATE,16249268491.82,2017-03-16
C00000531,Quantum Fund Management,INSTITUTIONAL,AU,TIER_1,CONSERVATIVE,3832928017.72,2012-12-02
C00000532,Apex Partners,INSTITUTIONAL,JP,TIER_1,MODERATE,881851723.02,2017-12-04
C00000533,Olivia Tanaka,RETAIL,CH,TIER_1,CONSERVATIVE,3957350.96,2012-01-17
C00000534,Sofia Smith,RETAIL,CA,TIER_1,CONSERVATIVE,905270.15,2024-03-22
C00000535,Ethan Silva,RETAIL,SG,TIER_2,MODERATE,3464868.07,2021-08-07
C00000536,Atlas Wealth,INSTITUTIONAL,CA,TIER_1,CONSERVATIVE,3072163043.72,2025-05-18
C00000537,Ahmed Sato,RETAIL,GB,TIER_2,MODERATE,1745789.3,2026-02-13
C00000538,Liam Kim,RETAIL,AU,TIER_3,AGGRESSIVE,1815887.51,2014-02-12
C00000539,Olivia Dubois,RETAIL,JP,TIER_1,CONSERVATIVE,3985098.73,2015-08-01
C00000540,Sofia Garcia,RETAIL,US,TIER_2,MODERATE,1055852.87,2020-08-01
C00000541,Granite Advisors,INSTITUTIONAL,US,TIER_1,CONSERVATIVE,4628063661.31,2022-04-12
C00000542,Northstar Advisors,INSTITUTIONAL,AU,TIER_1,CONSERVATIVE,3620945248.77,2012-12-05
C00000543,Chen Dubois,RETAIL,BR,TIER_2,MODERATE,1158015.55,2023-10-02
C00000544,Apex Investments,INSTITUTIONAL,BR,TIER_1,CONSERVATIVE,1908885319.99,2021-04-10
C00000545,Cobalt Advisors,INSTITUTIONAL,US,TIER_2,CONSERVATIVE,1120017552.32,2012-07-21
C00000546,Mateo Nguyen,RETAIL,DE,TIER_1,CONSERVATIVE,3163785.37,2020-03-04
C00000547,Bluewater Capital,INSTITUTIONAL,BR,TIER_1,MODERATE,725682421.77,2015-10-13
C00000548,Sofia Khan,RETAIL,FR,TIER_2,AGGRESSIVE,792372.74,2011-11-30
C00000549,Crescent Asset Management,SOVEREIGN,CH,TIER_3,CONSERVATIVE,18208392127.81,2014-07-09
C00000550,Liam Murphy,RETAIL,CA,TIER_2,MODERATE,82374.25,2016-08-14
C00000551,Yuki Tanaka,RETAIL,HK,TIER_1,CONSERVATIVE,4460194.91,2012-12-13
C00000552,Crescent Fund Management,PENSION,US,TIER_1,CONSERVATIVE,2482904650.78,2015-09-01
C00000553,Lucas Garcia,RETAIL,SG,TIER_1,MODERATE,4050485.44,2024-01-10
C00000554,Yuki Patel,RETAIL,AU,TIER_2,AGGRESSIVE,3661613.56,2021-05-02
C00000555,Atlas Investments,INSTITUTIONAL,NL,TIER_3,CONSERVATIVE,2424925609.39,2019-05-21
C00000556,Helios Fund Management,INSTITUTIONAL,BR,TIER_1,MODERATE,2345615180.36,2023-02-11
C00000557,Vanguard Asset Management,PENSION,IN,TIER_2,AGGRESSIVE,23482641475.97,2012-01-07
C00000558,Quantum Partners,INSTITUTIONAL,SG,TIER_2,MODERATE,2678055618.42,2019-07-28
C00000559,Noah Sato,RETAIL,AU,TIER_1,CONSERVATIVE,3940582.3,2024-05-28
C00000560,Hugo Garcia,RETAIL,AU,TIER_3,AGGRESSIVE,1826312.71,2025-01-24
C00000561,Pinnacle Advisors,INSTITUTIONAL,CH,TIER_1,MODERATE,917573645.77,2013-09-09
C00000562,Fatima Dubois,RETAIL,DE,TIER_3,CONSERVATIVE,2702772.79,2011-09-01
C00000563,Ethan Dubois,RETAIL,IN,TIER_2,CONSERVATIVE,1609114.44,2020-03-23
C00000564,Chen Rossi,RETAIL,US,TIER_1,MODERATE,2267529.14,2014-12-23
C00000565,Priya Lopez,RETAIL,BR,TIER_1,AGGRESSIVE,4498261.48,2016-02-01
C00000566,John Dubois,RETAIL,CA,TIER_1,MODERATE,4490749.84,2019-10-03
C00000567,Apex Partners,SOVEREIGN,DE,TIER_1,AGGRESSIVE,30442854551.74,2022-11-06
C00000568,Meridian Capital,PENSION,JP,TIER_1,AGGRESSIVE,27301030424.39,2023-04-06
C00000569,Chen Singh,RETAIL,BR,TIER_2,MODERATE,953412.69,2025-09-23
C00000570,Summit Wealth,PENSION,NL,TIER_1,AGGRESSIVE,17468227691.65,2011-09-25
C00000571,Helios Fund Management,HEDGE_FUND,NL,TIER_2,AGGRESSIVE,8960600443.29,2019-05-27
C00000572,Zara Müller,RETAIL,IN,TIER_1,MODERATE,1865792.56,2019-10-05
C00000573,Northstar Asset Management,HEDGE_FUND,HK,TIER_1,CONSERVATIVE,12410741574.24,2022-08-13
C00000574,Zara Müller,RETAIL,DE,TIER_2,AGGRESSIVE,4524508.62,2022-10-12
C00000575,Apex Capital,INSTITUTIONAL,HK,TIER_1,MODERATE,1339015626.38,2022-01-31
C00000576,Sterling Capital,INSTITUTIONAL,NL,TIER_1,MODERATE,782323862.95,2016-03-01
C00000577,Sofia Ivanov,RETAIL,JP,TIER_1,CONSERVATIVE,2028766.03,2015-01-08
C00000578,Helios Group,HEDGE_FUND,DE,TIER_1,AGGRESSIVE,10968297200.76,2014-11-04
C00000579,Sterling Holdings,INSTITUTIONAL,CA,TIER_2,AGGRESSIVE,3351094270.71,2013-07-18
C00000580,Olivia Khan,RETAIL,BR,TIER_1,MODERATE,4501870.6,2023-02-04
C00000581,Priya Silva,RETAIL,US,TIER_1,CONSERVATIVE,2235403.73,2024-02-24
C00000582,Cobalt Investments,INSTITUTIONAL,CH,TIER_1,MODERATE,1018792583.51,2024-05-07
C00000583,Olivia Patel,RETAIL,AU,TIER_1,MODERATE,1595611.48,2012-08-26
C00000584,Maria Nguyen,RETAIL,SG,TIER_1,MODERATE,1854453.54,2017-11-10
C00000585,Pinnacle Group,INSTITUTIONAL,JP,TIER_3,AGGRESSIVE,483613222.97,2016-04-04
C00000586,Chen Singh,RETAIL,JP,TIER_1,AGGRESSIVE,4852099.76,2016-09-18
C00000587,Chen Wang,RETAIL,CH,TIER_1,CONSERVATIVE,1046841.12,2015-07-30
C00000588,Meridian Group,SOVEREIGN,GB,TIER_3,AGGRESSIVE,151466696655.59,2024-03-28
C00000589,Quantum Holdings,INSTITUTIONAL,SG,TIER_1,MODERATE,3565722683.53,2023-02-25
C00000590,Orion Securities,INSTITUTIONAL,JP,TIER_1,CONSERVATIVE,4122856135.96,2019-06-14
C00000591,Atlas Advisors,HEDGE_FUND,AU,TIER_2,CONSERVATIVE,634116292.34,2026-03-02
C00000592,Atlas Advisors,INSTITUTIONAL,GB,TIER_2,MODERATE,2114926022.2,2015-03-11
C00000593,Quantum Investments,PENSION,US,TIER_1,MODERATE,24905986139.32,2024-09-22
C00000594,Aisha Murphy,RETAIL,CA,TIER_1,MODERATE,3143700.28,2015-07-19
C00000595,Orion Partners,SOVEREIGN,HK,TIER_1,AGGRESSIVE,4491471023.94,2020-05-26
C00000596,Northstar Asset Management,INSTITUTIONAL,HK,TIER_1,AGGRESSIVE,720712099.74,2022-07-24
C00000597,Pinnacle Securities,INSTITUTIONAL,NL,TIER_3,MODERATE,291138758.4,2019-09-06
C00000598,John Brown,RETAIL,FR,TIER_2,CONSERVATIVE,3825800.0,2012-10-16
C00000599,Meridian Group,HEDGE_FUND,HK,TIER_2,AGGRESSIVE,16017556404.26,2020-02-19
C00000600,Aisha Kim,RETAIL,AU,TIER_1,CONSERVATIVE,74359.34,2014-08-08
C00000601,Granite Advisors,INSTITUTIONAL,SG,TIER_1,CONSERVATIVE,556968397.49,2022-10-03
C00000602,Liam Ivanov,RETAIL,CH,TIER_2,AGGRESSIVE,4231888.05,2013-11-11
C00000603,Priya Cohen,RETAIL,CA,TIER_3,CONSERVATIVE,4096035.27,2025-10-31
C00000604,Zara Nguyen,RETAIL,DE,TIER_2,AGGRESSIVE,2620374.34,2018-07-20
C00000605,Atlas Capital,INSTITUTIONAL,BR,TIER_2,CONSERVATIVE,687136668.27,2023-01-11
C00000606,Zara Wang,RETAIL,FR,TIER_1,CONSERVATIVE,2129777.31,2023-09-19
C00000607,Granite Advisors,INSTITUTIONAL,IN,TIER_1,CONSERVATIVE,583696040.23,2011-06-05
C00000608,Maria Lopez,RETAIL,GB,TIER_3,CONSERVATIVE,340574.33,2025-12-28
C00000609,Granite Partners,HEDGE_FUND,CH,TIER_1,CONSERVATIVE,3777158309.11,2018-05-04
C00000610,Bluewater Holdings,INSTITUTIONAL,CH,TIER_1,CONSERVATIVE,4282933506.21,2012-06-22
C00000611,Cobalt Partners,INSTITUTIONAL,GB,TIER_2,CONSERVATIVE,2667751765.06,2021-12-04
C00000612,Bluewater Wealth,SOVEREIGN,US,TIER_3,CONSERVATIVE,184922187317.83,2014-11-30
C00000613,Helios Group,PENSION,BR,TIER_1,MODERATE,33839522059.33,2023-10-25
C00000614,Pinnacle Securities,INSTITUTIONAL,SG,TIER_1,CONSERVATIVE,2067510951.37,2019-03-05
C00000615,Apex Wealth,INSTITUTIONAL,DE,TIER_1,MODERATE,3538418030.19,2013-09-22
C00000616,John Khan,RETAIL,CA,TIER_1,MODERATE,2290159.37,2019-03-24
C00000617,Olivia Tanaka,RETAIL,AU,TIER_1,MODERATE,952037.08,2024-08-29
C00000618,Granite Advisors,PENSION,NL,TIER_1,CONSERVATIVE,49936804621.45,2015-03-13
C00000619,Mateo Singh,RETAIL,AU,TIER_2,CONSERVATIVE,604897.04,2017-05-14
C00000620,Ethan Kim,RETAIL,BR,TIER_3,CONSERVATIVE,332904.95,2021-10-04
C00000621,Cobalt Securities,INSTITUTIONAL,GB,TIER_1,MODERATE,3639742476.65,2019-12-23
C00000622,Granite Fund Management,HEDGE_FUND,CH,TIER_1,AGGRESSIVE,18870178672.41,2018-03-27
C00000623,Anya Jones,RETAIL,CA,TIER_1,CONSERVATIVE,3842317.78,2023-10-19
C00000624,Helios Advisors,INSTITUTIONAL,FR,TIER_2,CONSERVATIVE,197131415.78,2025-01-14
C00000625,Helios Capital,HEDGE_FUND,DE,TIER_1,AGGRESSIVE,6606422128.08,2019-06-07
C00000626,Priya Patel,RETAIL,NL,TIER_2,MODERATE,3965729.76,2021-09-10
C00000627,Helios Advisors,INSTITUTIONAL,AU,TIER_1,MODERATE,4056933907.09,2014-02-05
C00000628,Maria Cohen,RETAIL,GB,TIER_1,MODERATE,4265842.7,2016-04-18
C00000629,Maria Müller,RETAIL,AU,TIER_2,MODERATE,4424654.14,2022-07-17
C00000630,Wei Silva,RETAIL,BR,TIER_1,CONSERVATIVE,2848587.57,2015-03-22
C00000631,Fatima Murphy,RETAIL,CA,TIER_1,CONSERVATIVE,2538358.39,2017-06-11
C00000632,Cobalt Securities,INSTITUTIONAL,CH,TIER_2,MODERATE,1636389778.21,2025-08-04
C00000633,Wei Nguyen,RETAIL,HK,TIER_2,AGGRESSIVE,144230.21,2012-03-14
C00000634,Apex Securities,INSTITUTIONAL,HK,TIER_3,MODERATE,1788782839.32,2011-05-24
C00000635,Summit Holdings,INSTITUTIONAL,CH,TIER_1,AGGRESSIVE,374226168.55,2019-05-21
C00000636,Bluewater Capital,INSTITUTIONAL,AU,TIER_1,MODERATE,3305950543.46,2016-09-30
C00000637,Chen Rossi,RETAIL,US,TIER_2,AGGRESSIVE,120959.89,2019-02-15
C00000638,Mateo Khan,RETAIL,CH,TIER_1,MODERATE,509282.85,2021-08-09
C00000639,Meridian Group,INSTITUTIONAL,DE,TIER_2,MODERATE,4848667376.18,2021-09-12
C00000640,John Ivanov,RETAIL,FR,TIER_1,CONSERVATIVE,1493628.14,2013-05-11
C00000641,Yuki Sato,RETAIL,BR,TIER_3,AGGRESSIVE,4222492.55,2024-02-05
C00000642,Noah Patel,RETAIL,CH,TIER_2,MODERATE,2141258.39,2018-06-07
C00000643,Quantum Holdings,HEDGE_FUND,AU,TIER_2,MODERATE,13302788276.56,2019-03-13
C00000644,Vanguard Holdings,INSTITUTIONAL,CH,TIER_1,AGGRESSIVE,3829038963.92,2022-03-04
C00000645,Quantum Wealth,PENSION,DE,TIER_1,CONSERVATIVE,33209907692.86,2015-09-28
C00000646,Quantum Wealth,INSTITUTIONAL,IN,TIER_2,MODERATE,4676447873.21,2012-03-01
C00000647,Summit Group,INSTITUTIONAL,CA,TIER_1,CONSERVATIVE,3744845906.59,2019-06-28
C00000648,Vanguard Group,HEDGE_FUND,GB,TIER_2,MODERATE,5412001696.17,2019-10-14
C00000649,Noah Sato,RETAIL,FR,TIER_1,CONSERVATIVE,758311.62,2025-08-08
C00000650,Orion Holdings,INSTITUTIONAL,CA,TIER_1,MODERATE,2138994687.81,2025-05-23
C00000651,Atlas Asset Management,INSTITUTIONAL,US,TIER_1,MODERATE,3310420027.57,2022-04-11
C00000652,Maria Lopez,RETAIL,IN,TIER_1,CONSERVATIVE,1576384.82,2019-07-16
C00000653,Crescent Securities,PENSION,HK,TIER_2,CONSERVATIVE,20146305003.66,2023-01-26
C00000654,Cobalt Wealth,INSTITUTIONAL,GB,TIER_1,AGGRESSIVE,4750888776.68,2014-06-11
C00000655,Crescent Partners,INSTITUTIONAL,FR,TIER_1,MODERATE,1679965259.28,2013-02-12
C00000656,Yuki Cohen,RETAIL,FR,TIER_1,CONSERVATIVE,1078402.1,2020-01-24
C00000657,Noah Murphy,RETAIL,US,TIER_1,MODERATE,3501092.46,2023-09-09
C00000658,Vanguard Advisors,INSTITUTIONAL,NL,TIER_1,MODERATE,4403196027.37,2022-12-21
C00000659,Aisha Silva,RETAIL,US,TIER_2,AGGRESSIVE,183699.06,2011-05-16
C00000660,Northstar Investments,HEDGE_FUND,JP,TIER_1,MODERATE,12815086266.95,2018-01-31
C00000661,Quantum Partners,PENSION,AU,TIER_2,MODERATE,19729315235.39,2017-05-29
C00000662,Crescent Holdings,PENSION,JP,TIER_1,CONSERVATIVE,15222433666.99,2022-08-18
C00000663,Quantum Group,PENSION,IN,TIER_2,MODERATE,39571211276.03,2020-01-29
C00000664,Orion Advisors,PENSION,CA,TIER_2,MODERATE,36010607886.37,2023-12-21
C00000665,Sterling Holdings,HEDGE_FUND,AU,TIER_1,MODERATE,12082107246.01,2013-12-09
C00000666,Olivia Smith,RETAIL,IN,TIER_1,AGGRESSIVE,926860.71,2016-04-11
C00000667,Bluewater Capital,HEDGE_FUND,SG,TIER_1,MODERATE,6343063872.74,2024-05-18
C00000668,Summit Wealth,INSTITUTIONAL,BR,TIER_3,AGGRESSIVE,3827655381.29,2012-11-24
C00000669,Hugo Singh,RETAIL,CA,TIER_2,CONSERVATIVE,1310792.6,2012-12-02
C00000670,Granite Holdings,HEDGE_FUND,FR,TIER_1,MODERATE,3719596150.74,2017-10-04
C00000671,Crescent Fund Management,PENSION,FR,TIER_1,CONSERVATIVE,46194061418.23,2011-09-16
C00000672,Yuki Patel,RETAIL,CA,TIER_1,AGGRESSIVE,4260636.05,2025-02-08
C00000673,Chen Sato,RETAIL,JP,TIER_1,MODERATE,858913.19,2013-07-02
C00000674,Sterling Wealth,INSTITUTIONAL,SG,TIER_2,MODERATE,4144924387.22,2015-02-20
C00000675,Sterling Investments,INSTITUTIONAL,FR,TIER_3,MODERATE,1475411765.61,2015-02-20
C00000676,Chen Dubois,RETAIL,CH,TIER_1,MODERATE,3636273.25,2021-12-22
C00000677,Chen Wang,RETAIL,US,TIER_1,MODERATE,1185073.27,2016-02-09
C00000678,Pinnacle Fund Management,PENSION,NL,TIER_2,CONSERVATIVE,1010851991.99,2023-03-27
C00000679,Sterling Securities,PENSION,NL,TIER_1,MODERATE,35568431749.59,2012-10-29
C00000680,Apex Wealth,INSTITUTIONAL,US,TIER_1,CONSERVATIVE,2381115495.75,2018-04-11
C00000681,Quantum Fund Management,SOVEREIGN,BR,TIER_2,CONSERVATIVE,2066836055.2,2014-11-27
C00000682,Zara Jones,RETAIL,NL,TIER_1,AGGRESSIVE,215213.69,2022-03-14
C00000683,Meridian Advisors,INSTITUTIONAL,HK,TIER_2,CONSERVATIVE,493757505.5,2014-04-29
C00000684,Noah Kim,RETAIL,HK,TIER_1,CONSERVATIVE,2501060.98,2019-12-03
C00000685,Chen Silva,RETAIL,JP,TIER_2,MODERATE,2589693.7,2016-06-13
C00000686,Pinnacle Advisors,PENSION,IN,TIER_3,AGGRESSIVE,42725166232.74,2011-06-24
C00000687,Olivia Garcia,RETAIL,FR,TIER_1,CONSERVATIVE,923875.19,2015-09-04
C00000688,Sterling Advisors,INSTITUTIONAL,SG,TIER_1,MODERATE,251918957.27,2018-03-24
C00000689,Meridian Advisors,SOVEREIGN,CA,TIER_1,AGGRESSIVE,173508980776.84,2023-06-14
C00000690,Summit Holdings,INSTITUTIONAL,DE,TIER_2,AGGRESSIVE,2568251931.46,2020-02-08
C00000691,Ethan Dubois,RETAIL,CH,TIER_3,CONSERVATIVE,2634816.88,2013-06-03
C00000692,Crescent Partners,INSTITUTIONAL,FR,TIER_2,AGGRESSIVE,516810858.19,2018-11-07
C00000693,Quantum Partners,INSTITUTIONAL,SG,TIER_1,CONSERVATIVE,4193037182.48,2022-10-10
C00000694,Helios Advisors,INSTITUTIONAL,CA,TIER_2,MODERATE,2991311083.79,2026-02-03
C00000695,Northstar Fund Management,INSTITUTIONAL,CA,TIER_1,AGGRESSIVE,4999114492.42,2013-06-16
C00000696,Orion Capital,INSTITUTIONAL,IN,TIER_2,MODERATE,4000827506.37,2024-08-20
C00000697,Anya Jones,RETAIL,GB,TIER_1,CONSERVATIVE,1207999.86,2017-04-11
C00000698,Orion Investments,INSTITUTIONAL,DE,TIER_1,MODERATE,1460432650.55,2011-07-21
C00000699,Atlas Advisors,INSTITUTIONAL,IN,TIER_1,MODERATE,4523484645.71,2012-09-08
C00000700,Quantum Partners,INSTITUTIONAL,HK,TIER_1,MODERATE,2254939953.85,2017-07-08
C00000701,Ethan Sato,RETAIL,SG,TIER_1,MODERATE,4056861.85,2012-06-15
C00000702,Quantum Securities,INSTITUTIONAL,GB,TIER_1,MODERATE,4867695363.57,2021-03-12
C00000703,Wei Lopez,RETAIL,AU,TIER_2,AGGRESSIVE,429010.81,2015-09-21
C00000704,Ahmed Silva,RETAIL,DE,TIER_3,AGGRESSIVE,4515489.06,2020-08-24
C00000705,Zara Murphy,RETAIL,US,TIER_1,CONSERVATIVE,2571938.44,2014-10-08
C00000706,Priya Singh,RETAIL,NL,TIER_2,MODERATE,1783733.6,2013-02-02
C00000707,Meridian Capital,INSTITUTIONAL,GB,TIER_2,MODERATE,938783369.52,2022-02-19
C00000708,Northstar Partners,HEDGE_FUND,SG,TIER_2,MODERATE,6347532480.1,2016-01-07
C00000709,Helios Fund Management,HEDGE_FUND,IN,TIER_1,CONSERVATIVE,4300260579.46,2024-06-20
C00000710,Anya Rossi,RETAIL,NL,TIER_1,AGGRESSIVE,99396.94,2017-05-13
C00000711,Bluewater Advisors,INSTITUTIONAL,CA,TIER_2,AGGRESSIVE,4830728847.41,2012-09-21
C00000712,Zara Sato,RETAIL,CH,TIER_1,AGGRESSIVE,4816076.64,2017-05-13
C00000713,Apex Asset Management,HEDGE_FUND,DE,TIER_1,CONSERVATIVE,16337767638.39,2022-01-01
C00000714,Summit Advisors,PENSION,NL,TIER_1,CONSERVATIVE,22071529453.12,2012-03-07
C00000715,Meridian Investments,PENSION,GB,TIER_1,MODERATE,7834199513.96,2016-10-04
C00000716,Bluewater Asset Management,INSTITUTIONAL,BR,TIER_2,MODERATE,2383871533.33,2016-02-21
C00000717,Liam Silva,RETAIL,CH,TIER_2,MODERATE,264101.68,2026-01-17
C00000718,Orion Securities,INSTITUTIONAL,SG,TIER_2,AGGRESSIVE,2914373273.77,2013-10-16
C00000719,Northstar Advisors,SOVEREIGN,SG,TIER_1,AGGRESSIVE,145198222850.92,2015-04-13
C00000720,Northstar Wealth,INSTITUTIONAL,US,TIER_1,MODERATE,2788615641.48,2020-03-19
C00000721,Vanguard Advisors,PENSION,GB,TIER_1,AGGRESSIVE,17664823611.77,2016-06-09
C00000722,Atlas Investments,INSTITUTIONAL,CA,TIER_1,CONSERVATIVE,2562797928.88,2013-01-15
C00000723,Pinnacle Fund Management,PENSION,BR,TIER_2,CONSERVATIVE,44217082973.74,2017-06-20
C00000724,Orion Group,SOVEREIGN,IN,TIER_1,CONSERVATIVE,124746633307.89,2019-11-21
C00000725,John Lopez,RETAIL,DE,TIER_1,CONSERVATIVE,3032687.55,2023-12-17
C00000726,Helios Holdings,HEDGE_FUND,FR,TIER_1,CONSERVATIVE,19985298336.01,2018-03-05
C00000727,Pinnacle Asset Management,PENSION,DE,TIER_2,AGGRESSIVE,2082515384.54,2024-10-17
C00000728,Apex Fund Management,INSTITUTIONAL,FR,TIER_1,CONSERVATIVE,2457508224.44,2018-08-04
C00000729,Granite Capital,HEDGE_FUND,IN,TIER_2,MODERATE,17936722213.84,2014-08-30
C00000730,Priya Garcia,RETAIL,CA,TIER_2,CONSERVATIVE,4873552.19,2012-07-12
C00000731,Priya Ivanov,RETAIL,US,TIER_1,CONSERVATIVE,3153331.32,2021-08-13
C00000732,Bluewater Holdings,PENSION,BR,TIER_1,AGGRESSIVE,25170354520.99,2023-12-30
C00000733,Pinnacle Group,INSTITUTIONAL,DE,TIER_1,CONSERVATIVE,2223586881.53,2016-11-24
C00000734,Northstar Investments,HEDGE_FUND,IN,TIER_1,MODERATE,10149952291.76,2024-04-23
C00000735,Sterling Securities,INSTITUTIONAL,HK,TIER_2,CONSERVATIVE,800475511.91,2014-05-06
C00000736,Yuki Wang,RETAIL,IN,TIER_1,MODERATE,4491345.63,2014-08-24
C00000737,Pinnacle Capital,HEDGE_FUND,CA,TIER_1,CONSERVATIVE,14380752141.36,2014-08-14
C00000738,Apex Group,PENSION,HK,TIER_1,CONSERVATIVE,21986577805.45,2017-05-27
C00000739,Quantum Asset Management,HEDGE_FUND,CH,TIER_1,AGGRESSIVE,19602936788.62,2011-05-31
C00000740,Atlas Securities,PENSION,SG,TIER_2,AGGRESSIVE,27903716197.17,2019-05-25
C00000741,Hugo Nguyen,RETAIL,US,TIER_2,AGGRESSIVE,3055901.31,2022-12-05
C00000742,Olivia Dubois,RETAIL,AU,TIER_2,AGGRESSIVE,3263665.07,2018-06-24
C00000743,Granite Securities,PENSION,IN,TIER_1,MODERATE,4671905702.58,2014-03-03
C00000744,Sterling Asset Management,INSTITUTIONAL,AU,TIER_3,MODERATE,1107985852.73,2014-09-30
C00000745,Lucas Khan,RETAIL,IN,TIER_2,CONSERVATIVE,149177.21,2014-02-10
C00000746,Yuki Silva,RETAIL,BR,TIER_1,AGGRESSIVE,561105.11,2024-11-16
C00000747,Atlas Wealth,HEDGE_FUND,HK,TIER_1,AGGRESSIVE,18832726351.79,2016-02-27
C00000748,Sterling Capital,INSTITUTIONAL,CA,TIER_1,CONSERVATIVE,4036668432.44,2013-03-06
C00000749,Fatima Sato,RETAIL,FR,TIER_1,MODERATE,3337942.65,2013-05-17
C00000750,Mateo Brown,RETAIL,BR,TIER_1,MODERATE,2587094.61,2021-11-26
C00000751,Pinnacle Advisors,HEDGE_FUND,GB,TIER_1,MODERATE,16585908825.69,2024-05-20
C00000752,Vanguard Asset Management,INSTITUTIONAL,CA,TIER_1,CONSERVATIVE,1878006370.74,2014-06-02
C00000753,Fatima Brown,RETAIL,IN,TIER_1,MODERATE,2925675.85,2011-12-13
C00000754,Olivia Lopez,RETAIL,BR,TIER_3,CONSERVATIVE,730287.44,2023-05-16
C00000755,Olivia Wang,RETAIL,BR,TIER_1,AGGRESSIVE,599110.21,2021-06-15
C00000756,Maria Müller,RETAIL,AU,TIER_1,CONSERVATIVE,3011985.07,2017-01-21
C00000757,Pinnacle Fund Management,INSTITUTIONAL,JP,TIER_1,CONSERVATIVE,632823956.3,2019-05-21
C00000758,Atlas Holdings,SOVEREIGN,CA,TIER_1,CONSERVATIVE,29285821340.79,2012-12-30
C00000759,Zara Silva,RETAIL,FR,TIER_1,AGGRESSIVE,2449080.34,2023-06-24
C00000760,John Garcia,RETAIL,SG,TIER_1,MODERATE,2833162.24,2018-08-24
C00000761,Helios Fund Management,HEDGE_FUND,DE,TIER_2,AGGRESSIVE,12765559233.52,2016-02-18
C00000762,Wei Khan,RETAIL,GB,TIER_2,AGGRESSIVE,3121711.48,2017-07-15
C00000763,Vanguard Group,INSTITUTIONAL,AU,TIER_1,AGGRESSIVE,4455713667.3,2020-01-01
C00000764,Sofia Smith,RETAIL,CH,TIER_2,AGGRESSIVE,1551151.92,2011-10-02
C00000765,Meridian Partners,INSTITUTIONAL,FR,TIER_3,AGGRESSIVE,2905435136.71,2025-01-13
C00000766,Meridian Investments,SOVEREIGN,IN,TIER_1,CONSERVATIVE,24936352111.34,2014-04-18
C00000767,Northstar Holdings,INSTITUTIONAL,IN,TIER_1,AGGRESSIVE,4202641332.1,2013-03-23
C00000768,Fatima Sato,RETAIL,HK,TIER_1,CONSERVATIVE,2462450.47,2025-09-13
C00000769,Bluewater Securities,INSTITUTIONAL,US,TIER_2,MODERATE,1940954367.62,2024-03-07
C00000770,Apex Wealth,INSTITUTIONAL,DE,TIER_1,CONSERVATIVE,1314994900.32,2024-03-18
C00000771,Vanguard Asset Management,INSTITUTIONAL,US,TIER_2,MODERATE,948216308.54,2024-11-28
C00000772,Apex Group,INSTITUTIONAL,DE,TIER_1,MODERATE,1326774735.44,2023-07-06
C00000773,Summit Fund Management,INSTITUTIONAL,CH,TIER_1,AGGRESSIVE,3774330394.32,2017-08-02
C00000774,Atlas Capital,PENSION,HK,TIER_1,MODERATE,3740181490.53,2025-07-29
C00000775,Yuki Smith,RETAIL,JP,TIER_1,AGGRESSIVE,3378736.17,2020-09-12
C00000776,Quantum Asset Management,HEDGE_FUND,JP,TIER_1,MODERATE,1769776276.06,2011-12-18
C00000777,Wei Nguyen,RETAIL,AU,TIER_3,CONSERVATIVE,2692302.79,2016-09-19
C00000778,Meridian Advisors,SOVEREIGN,US,TIER_1,MODERATE,192261774070.9,2012-04-19
C00000779,Bluewater Capital,INSTITUTIONAL,US,TIER_3,MODERATE,1402849550.62,2020-08-05
C00000780,Vanguard Group,HEDGE_FUND,NL,TIER_1,AGGRESSIVE,5698094647.42,2022-08-08
C00000781,Ethan Patel,RETAIL,JP,TIER_1,AGGRESSIVE,623655.06,2023-02-02
C00000782,Noah Cohen,RETAIL,FR,TIER_2,MODERATE,4420818.74,2018-07-16
C00000783,Olivia Rossi,RETAIL,FR,TIER_2,MODERATE,1714732.73,2015-11-29
C00000784,Pinnacle Capital,SOVEREIGN,BR,TIER_1,CONSERVATIVE,122148563331.58,2026-02-15
C00000785,Quantum Asset Management,PENSION,SG,TIER_1,AGGRESSIVE,35313333915.21,2017-05-31
C00000786,John Ivanov,RETAIL,US,TIER_2,AGGRESSIVE,2231432.08,2023-06-15
C00000787,Mateo Sato,RETAIL,HK,TIER_1,AGGRESSIVE,4919139.55,2023-06-04
C00000788,Liam Singh,RETAIL,US,TIER_1,CONSERVATIVE,3794520.78,2018-03-13
C00000789,Orion Fund Management,INSTITUTIONAL,NL,TIER_1,AGGRESSIVE,1144681018.66,2015-02-23
C00000790,Northstar Holdings,SOVEREIGN,CA,TIER_3,AGGRESSIVE,121599365827.5,2026-01-23
C00000791,Orion Securities,INSTITUTIONAL,GB,TIER_2,AGGRESSIVE,2526611911.84,2022-05-26
C00000792,Ethan Sato,RETAIL,CH,TIER_1,AGGRESSIVE,649949.51,2024-10-06
C00000793,Crescent Fund Management,INSTITUTIONAL,FR,TIER_2,AGGRESSIVE,3922150907.72,2021-12-02
C00000794,Northstar Wealth,HEDGE_FUND,CH,TIER_1,AGGRESSIVE,17673728528.12,2026-03-06
C00000795,Quantum Capital,PENSION,HK,TIER_1,MODERATE,14064762015.08,2014-08-07
C00000796,Aisha Brown,RETAIL,IN,TIER_1,AGGRESSIVE,1130495.55,2019-12-28
C00000797,Meridian Advisors,PENSION,HK,TIER_1,CONSERVATIVE,17067937858.77,2013-05-25
C00000798,Sterling Investments,HEDGE_FUND,BR,TIER_1,CONSERVATIVE,18348204912.8,2021-10-22
C00000799,Atlas Partners,INSTITUTIONAL,NL,TIER_2,CONSERVATIVE,2425833779.86,2025-09-07
C00000800,Hugo Rossi,RETAIL,FR,TIER_1,CONSERVATIVE,4794425.26,2025-01-01
C00000801,Meridian Investments,HEDGE_FUND,GB,TIER_2,AGGRESSIVE,8826736696.11,2024-01-29
C00000802,Ethan Kim,RETAIL,GB,TIER_3,CONSERVATIVE,1893201.71,2024-10-06
C00000803,Northstar Advisors,HEDGE_FUND,US,TIER_1,AGGRESSIVE,8693595895.98,2023-12-09
C00000804,Fatima Garcia,RETAIL,JP,TIER_2,MODERATE,488192.95,2017-01-01
C00000805,Cobalt Fund Management,INSTITUTIONAL,US,TIER_1,MODERATE,3986065154.67,2012-04-24
C00000806,Hugo Smith,RETAIL,CA,TIER_1,AGGRESSIVE,970481.77,2023-12-02
C00000807,Sterling Partners,INSTITUTIONAL,CH,TIER_2,CONSERVATIVE,4526631459.5,2023-05-25
C00000808,Noah Nguyen,RETAIL,SG,TIER_1,AGGRESSIVE,2228675.32,2020-10-08
C00000809,Northstar Capital,INSTITUTIONAL,DE,TIER_1,MODERATE,2589972411.47,2011-08-10
C00000810,Atlas Fund Management,HEDGE_FUND,AU,TIER_2,CONSERVATIVE,9443522823.92,2012-09-09
C00000811,Pinnacle Capital,INSTITUTIONAL,AU,TIER_1,AGGRESSIVE,765771902.6,2020-11-24
C00000812,Fatima Garcia,RETAIL,SG,TIER_1,CONSERVATIVE,3206368.41,2021-09-16
C00000813,Pinnacle Investments,HEDGE_FUND,NL,TIER_1,AGGRESSIVE,19640272790.95,2012-10-08
C00000814,Ethan Murphy,RETAIL,HK,TIER_2,MODERATE,1649809.06,2023-11-15
C00000815,Maria Lopez,RETAIL,FR,TIER_3,AGGRESSIVE,1122895.19,2021-01-21
C00000816,Liam Tanaka,RETAIL,CA,TIER_2,MODERATE,4038283.82,2017-10-16
C00000817,Bluewater Capital,INSTITUTIONAL,HK,TIER_1,MODERATE,198587064.04,2023-08-22
C00000818,Helios Investments,INSTITUTIONAL,NL,TIER_1,MODERATE,267328888.01,2025-07-22
C00000819,Atlas Asset Management,INSTITUTIONAL,FR,TIER_2,AGGRESSIVE,912708375.47,2013-10-14
C00000820,Summit Capital,INSTITUTIONAL,DE,TIER_2,CONSERVATIVE,153919114.29,2023-02-22
C00000821,Priya Khan,RETAIL,FR,TIER_1,CONSERVATIVE,1854506.87,2017-11-14
C00000822,Lucas Sato,RETAIL,SG,TIER_2,CONSERVATIVE,601281.66,2023-04-16
C00000823,Summit Wealth,HEDGE_FUND,SG,TIER_2,MODERATE,12031028335.9,2011-12-15
C00000824,Northstar Fund Management,INSTITUTIONAL,CH,TIER_1,AGGRESSIVE,1506204592.87,2022-11-21
C00000825,Northstar Holdings,INSTITUTIONAL,DE,TIER_2,AGGRESSIVE,4434879724.46,2021-07-12
C00000826,Ahmed Sato,RETAIL,GB,TIER_1,MODERATE,3759027.11,2011-10-03
C00000827,Pinnacle Advisors,HEDGE_FUND,AU,TIER_1,MODERATE,14278488780.11,2014-06-09
C00000828,Ahmed Lopez,RETAIL,JP,TIER_1,AGGRESSIVE,4606714.27,2013-02-15
C00000829,Liam Tanaka,RETAIL,FR,TIER_1,CONSERVATIVE,1985540.88,2019-05-12
C00000830,Mateo Murphy,RETAIL,DE,TIER_3,MODERATE,1280100.92,2024-04-27
C00000831,Apex Holdings,INSTITUTIONAL,CA,TIER_1,CONSERVATIVE,2940613012.42,2015-10-15
C00000832,Hugo Cohen,RETAIL,CA,TIER_1,MODERATE,1843884.59,2015-01-24
C00000833,Vanguard Capital,INSTITUTIONAL,DE,TIER_1,MODERATE,3244506520.6,2018-03-03
C00000834,Atlas Wealth,PENSION,AU,TIER_1,CONSERVATIVE,39400728148.84,2021-02-11
C00000835,Apex Group,INSTITUTIONAL,US,TIER_1,MODERATE,1023399298.2,2018-11-02
C00000836,Sterling Holdings,INSTITUTIONAL,FR,TIER_2,CONSERVATIVE,4992105234.28,2014-01-15
C00000837,Northstar Holdings,PENSION,JP,TIER_2,MODERATE,47317842867.86,2013-03-20
C00000838,Northstar Advisors,HEDGE_FUND,NL,TIER_1,CONSERVATIVE,17322775804.33,2021-02-12
C00000839,Sterling Investments,INSTITUTIONAL,CA,TIER_1,AGGRESSIVE,3940574508.8,2015-09-17
C00000840,Olivia Khan,RETAIL,IN,TIER_1,CONSERVATIVE,2149676.94,2016-11-08
C00000841,Helios Wealth,INSTITUTIONAL,US,TIER_1,AGGRESSIVE,4375063543.28,2019-05-15
C00000842,Northstar Advisors,PENSION,IN,TIER_2,MODERATE,17321200971.77,2016-10-27
C00000843,Mateo Ivanov,RETAIL,JP,TIER_1,CONSERVATIVE,2842211.36,2025-07-02
C00000844,Bluewater Group,PENSION,CH,TIER_2,AGGRESSIVE,45730733667.22,2013-05-08
C00000845,Vanguard Investments,PENSION,SG,TIER_1,MODERATE,9822764568.04,2023-10-15
C00000846,Helios Holdings,INSTITUTIONAL,GB,TIER_1,AGGRESSIVE,2786888537.77,2025-07-03
C00000847,Cobalt Advisors,HEDGE_FUND,US,TIER_1,CONSERVATIVE,18235771673.65,2017-07-26
C00000848,Summit Holdings,INSTITUTIONAL,NL,TIER_1,MODERATE,334393244.05,2014-08-05
C00000849,Pinnacle Securities,INSTITUTIONAL,SG,TIER_1,CONSERVATIVE,689231461.7,2016-11-02
C00000850,John Jones,RETAIL,FR,TIER_1,CONSERVATIVE,1555688.31,2011-04-25
C00000851,Anya Murphy,RETAIL,JP,TIER_1,AGGRESSIVE,3586692.52,2015-12-06
C00000852,Northstar Asset Management,INSTITUTIONAL,CA,TIER_1,MODERATE,3044000567.48,2020-09-07
C00000853,Ethan Lopez,RETAIL,CA,TIER_1,CONSERVATIVE,3689080.65,2019-10-07
C00000854,Olivia Nguyen,RETAIL,BR,TIER_2,MODERATE,1961540.94,2022-04-18
C00000855,Sofia Sato,RETAIL,BR,TIER_1,MODERATE,4555057.15,2022-02-09
C00000856,Priya Jones,RETAIL,BR,TIER_3,CONSERVATIVE,4428853.67,2022-09-06
C00000857,Quantum Wealth,INSTITUTIONAL,JP,TIER_2,CONSERVATIVE,3505317763.21,2021-05-08
C00000858,Vanguard Wealth,PENSION,GB,TIER_3,CONSERVATIVE,37892144871.57,2014-11-28
C00000859,Pinnacle Securities,HEDGE_FUND,CA,TIER_1,CONSERVATIVE,10170684978.28,2015-11-09
C00000860,Quantum Advisors,INSTITUTIONAL,SG,TIER_1,MODERATE,4286077067.35,2017-04-29
C00000861,Atlas Partners,INSTITUTIONAL,BR,TIER_3,MODERATE,3367963080.9,2015-10-23
C00000862,John Patel,RETAIL,AU,TIER_2,AGGRESSIVE,4750591.94,2023-01-29
C00000863,Noah Müller,RETAIL,DE,TIER_2,AGGRESSIVE,511570.45,2019-08-17
C00000864,Sterling Securities,INSTITUTIONAL,DE,TIER_1,CONSERVATIVE,3403046551.74,2022-10-12
C00000865,Sofia Dubois,RETAIL,BR,TIER_1,AGGRESSIVE,2666171.04,2016-04-22
C00000866,Lucas Kim,RETAIL,SG,TIER_2,MODERATE,271552.13,2026-02-12
C00000867,Vanguard Investments,INSTITUTIONAL,FR,TIER_1,CONSERVATIVE,1039929170.92,2025-11-11
C00000868,Alex Khan,RETAIL,FR,TIER_2,CONSERVATIVE,1110633.58,2024-01-21
C00000869,Orion Asset Management,HEDGE_FUND,BR,TIER_1,MODERATE,10298752002.74,2018-11-20
C00000870,Quantum Investments,INSTITUTIONAL,CH,TIER_1,AGGRESSIVE,2005566410.7,2016-08-16
C00000871,Summit Partners,INSTITUTIONAL,HK,TIER_1,CONSERVATIVE,2040590474.29,2019-02-17
C00000872,Summit Advisors,INSTITUTIONAL,FR,TIER_1,MODERATE,3267227727.83,2017-12-12
C00000873,Crescent Investments,INSTITUTIONAL,SG,TIER_1,AGGRESSIVE,2522901321.7,2023-12-09
C00000874,Ethan Müller,RETAIL,JP,TIER_3,AGGRESSIVE,1628527.91,2012-01-27
C00000875,Wei Khan,RETAIL,DE,TIER_2,AGGRESSIVE,1596655.21,2015-05-30
C00000876,Northstar Fund Management,INSTITUTIONAL,CH,TIER_1,AGGRESSIVE,3220930176.02,2021-01-03
C00000877,Alex Tanaka,RETAIL,US,TIER_2,CONSERVATIVE,1551154.66,2016-08-11
C00000878,Cobalt Partners,HEDGE_FUND,US,TIER_1,MODERATE,6002633134.42,2022-10-27
C00000879,Maria Tanaka,RETAIL,BR,TIER_1,MODERATE,3698885.62,2018-11-07
C00000880,Pinnacle Capital,INSTITUTIONAL,AU,TIER_2,MODERATE,3257829804.14,2019-10-02
C00000881,Summit Group,HEDGE_FUND,HK,TIER_1,AGGRESSIVE,1176072226.78,2020-08-26
C00000882,Sterling Investments,HEDGE_FUND,CH,TIER_2,AGGRESSIVE,6500576122.5,2016-04-20
C00000883,John Lopez,RETAIL,GB,TIER_3,CONSERVATIVE,3175491.13,2023-01-18
C00000884,Bluewater Partners,PENSION,DE,TIER_1,CONSERVATIVE,12197351344.81,2024-06-20
C00000885,Olivia Silva,RETAIL,DE,TIER_2,CONSERVATIVE,2125843.71,2012-08-19
C00000886,Atlas Fund Management,INSTITUTIONAL,CA,TIER_3,CONSERVATIVE,1395710884.55,2015-06-07
C00000887,Pinnacle Securities,INSTITUTIONAL,SG,TIER_1,MODERATE,2142351423.59,2012-07-21
C00000888,Wei Lopez,RETAIL,US,TIER_2,MODERATE,4271670.63,2019-06-28
C00000889,Wei Ivanov,RETAIL,BR,TIER_1,MODERATE,2323619.66,2016-01-19
C00000890,Meridian Fund Management,INSTITUTIONAL,CA,TIER_1,CONSERVATIVE,3588573685.83,2021-10-31
C00000891,Summit Capital,INSTITUTIONAL,US,TIER_2,AGGRESSIVE,3640459610.91,2015-03-15
C00000892,Chen Jones,RETAIL,BR,TIER_1,MODERATE,1545976.02,2013-01-10
C00000893,Crescent Capital,INSTITUTIONAL,GB,TIER_1,AGGRESSIVE,853693797.15,2016-06-08
C00000894,Granite Group,SOVEREIGN,AU,TIER_2,AGGRESSIVE,138009389633.45,2024-12-05
C00000895,Chen Tanaka,RETAIL,FR,TIER_1,MODERATE,3158454.04,2025-08-03
C00000896,Wei Rossi,RETAIL,CH,TIER_1,AGGRESSIVE,745363.28,2020-09-03
C00000897,Sofia Smith,RETAIL,GB,TIER_2,AGGRESSIVE,3560931.24,2017-08-08
C00000898,Ethan Patel,RETAIL,AU,TIER_3,MODERATE,837459.8,2016-08-25
C00000899,Atlas Wealth,INSTITUTIONAL,AU,TIER_2,MODERATE,2951094867.1,2016-12-28
C00000900,Crescent Partners,HEDGE_FUND,GB,TIER_2,MODERATE,16303137631.27,2020-03-10
C00000901,Mateo Silva,RETAIL,US,TIER_3,MODERATE,17877.1,2024-08-27
C00000902,Vanguard Wealth,HEDGE_FUND,SG,TIER_2,AGGRESSIVE,8675896888.19,2022-04-07
C00000903,Wei Dubois,RETAIL,CA,TIER_1,CONSERVATIVE,2258797.31,2021-06-15
C00000904,Northstar Asset Management,INSTITUTIONAL,IN,TIER_2,MODERATE,4915588270.25,2017-01-20
C00000905,Anya Kim,RETAIL,NL,TIER_1,MODERATE,437678.25,2023-06-05
C00000906,Pinnacle Capital,INSTITUTIONAL,CH,TIER_1,MODERATE,3380382731.67,2023-12-18
C00000907,Atlas Capital,INSTITUTIONAL,NL,TIER_1,CONSERVATIVE,529367162.25,2014-07-05
C00000908,Vanguard Fund Management,HEDGE_FUND,AU,TIER_3,MODERATE,18649354779.5,2015-08-11
C00000909,Cobalt Securities,HEDGE_FUND,HK,TIER_1,MODERATE,19988958191.67,2020-11-06
C00000910,Quantum Securities,PENSION,SG,TIER_2,MODERATE,43717332898.44,2023-12-23
C00000911,Orion Securities,INSTITUTIONAL,BR,TIER_2,CONSERVATIVE,177118114.97,2023-06-20
C00000912,Atlas Investments,PENSION,HK,TIER_1,AGGRESSIVE,33114367206.08,2015-07-26
C00000913,Liam Smith,RETAIL,NL,TIER_3,MODERATE,92985.22,2018-02-22
C00000914,Granite Group,PENSION,NL,TIER_1,AGGRESSIVE,24484539134.86,2012-06-25
C00000915,Pinnacle Securities,HEDGE_FUND,CA,TIER_3,AGGRESSIVE,18113534964.61,2017-08-04
C00000916,Summit Asset Management,INSTITUTIONAL,AU,TIER_2,AGGRESSIVE,2547951247.97,2023-05-10
C00000917,John Silva,RETAIL,NL,TIER_3,MODERATE,848583.73,2016-03-19
C00000918,Helios Wealth,SOVEREIGN,FR,TIER_1,CONSERVATIVE,150897251627.58,2011-06-05
C00000919,Priya Cohen,RETAIL,BR,TIER_1,MODERATE,4514216.11,2019-12-08
C00000920,Atlas Advisors,INSTITUTIONAL,NL,TIER_1,CONSERVATIVE,4617544124.62,2012-01-05
C00000921,John Khan,RETAIL,FR,TIER_3,AGGRESSIVE,332688.47,2018-07-11
C00000922,Mateo Ivanov,RETAIL,SG,TIER_2,CONSERVATIVE,1302878.8,2019-09-12
C00000923,Apex Group,INSTITUTIONAL,BR,TIER_1,CONSERVATIVE,3735857873.88,2023-08-14
C00000924,Wei Khan,RETAIL,SG,TIER_1,CONSERVATIVE,1560886.58,2012-12-27
C00000925,Mateo Cohen,RETAIL,HK,TIER_2,AGGRESSIVE,4670286.57,2023-05-23
C00000926,Anya Murphy,RETAIL,FR,TIER_1,CONSERVATIVE,2696081.79,2015-11-22
C00000927,Orion Holdings,INSTITUTIONAL,FR,TIER_1,MODERATE,779755522.14,2019-11-13
C00000928,Quantum Capital,INSTITUTIONAL,CH,TIER_1,AGGRESSIVE,4952158804.3,2023-06-15
C00000929,Orion Fund Management,INSTITUTIONAL,CA,TIER_2,CONSERVATIVE,2500376349.63,2017-10-10
C00000930,Granite Group,INSTITUTIONAL,DE,TIER_2,CONSERVATIVE,4247946247.28,2021-03-05
C00000931,Maria Müller,RETAIL,CA,TIER_2,MODERATE,4922103.82,2011-06-09
C00000932,Bluewater Capital,PENSION,AU,TIER_1,MODERATE,34055984965.97,2018-05-30
C00000933,Vanguard Partners,HEDGE_FUND,AU,TIER_2,MODERATE,13957888681.96,2021-11-05
C00000934,Fatima Jones,RETAIL,GB,TIER_1,AGGRESSIVE,4330618.6,2025-01-03
C00000935,Sterling Holdings,HEDGE_FUND,CA,TIER_2,AGGRESSIVE,2837463093.5,2015-05-27
C00000936,Bluewater Investments,INSTITUTIONAL,FR,TIER_2,CONSERVATIVE,3689828537.95,2026-01-07
C00000937,Ethan Kim,RETAIL,NL,TIER_2,CONSERVATIVE,1889013.41,2016-08-23
C00000938,Sofia Garcia,RETAIL,GB,TIER_1,MODERATE,906368.07,2025-01-17
C00000939,Meridian Group,INSTITUTIONAL,CH,TIER_1,CONSERVATIVE,3153514105.65,2017-02-28
C00000940,Apex Investments,INSTITUTIONAL,SG,TIER_1,AGGRESSIVE,3000969622.1,2022-05-09
C00000941,Mateo Patel,RETAIL,IN,TIER_1,AGGRESSIVE,1916683.59,2012-01-15
C00000942,Aisha Smith,RETAIL,GB,TIER_1,CONSERVATIVE,2451200.02,2014-10-16
C00000943,Cobalt Fund Management,INSTITUTIONAL,CH,TIER_1,AGGRESSIVE,3739528509.36,2012-12-04
C00000944,Helios Securities,INSTITUTIONAL,JP,TIER_1,CONSERVATIVE,1659883424.75,2014-03-02
C00000945,Orion Capital,INSTITUTIONAL,SG,TIER_1,AGGRESSIVE,3928199050.73,2014-05-02
C00000946,Lucas Murphy,RETAIL,AU,TIER_2,AGGRESSIVE,629205.75,2021-07-27
C00000947,Crescent Partners,SOVEREIGN,DE,TIER_2,AGGRESSIVE,36807573728.71,2013-10-12
C00000948,Hugo Kim,RETAIL,US,TIER_1,CONSERVATIVE,3266676.1,2024-04-02
C00000949,Maria Patel,RETAIL,GB,TIER_1,MODERATE,4831718.07,2022-05-17
C00000950,Alex Tanaka,RETAIL,JP,TIER_1,AGGRESSIVE,4524051.37,2019-08-23
C00000951,Olivia Wang,RETAIL,CH,TIER_1,MODERATE,2618104.64,2018-04-29
C00000952,Lucas Dubois,RETAIL,BR,TIER_1,CONSERVATIVE,1193130.77,2022-01-02
C00000953,Orion Investments,INSTITUTIONAL,DE,TIER_2,CONSERVATIVE,2979326537.08,2020-01-01
C00000954,Cobalt Securities,INSTITUTIONAL,GB,TIER_1,MODERATE,1939822449.66,2022-07-24
C00000955,John Rossi,RETAIL,NL,TIER_1,AGGRESSIVE,724787.31,2021-08-26
C00000956,Sterling Holdings,INSTITUTIONAL,NL,TIER_2,CONSERVATIVE,3586502591.09,2013-07-31
C00000957,Lucas Sato,RETAIL,DE,TIER_1,CONSERVATIVE,1588638.09,2016-06-30
C00000958,Anya Tanaka,RETAIL,GB,TIER_1,AGGRESSIVE,558850.76,2013-12-03
C00000959,Hugo Patel,RETAIL,HK,TIER_3,MODERATE,740184.87,2021-02-27
C00000960,Apex Securities,INSTITUTIONAL,FR,TIER_1,CONSERVATIVE,3924531412.36,2023-06-15
C00000961,Sterling Holdings,INSTITUTIONAL,CH,TIER_2,MODERATE,522925758.5,2018-05-25
C00000962,Zara Ivanov,RETAIL,JP,TIER_2,CONSERVATIVE,862029.61,2017-06-26
C00000963,Granite Wealth,INSTITUTIONAL,AU,TIER_1,MODERATE,2410466250.27,2023-05-12
C00000964,Quantum Wealth,INSTITUTIONAL,BR,TIER_1,CONSERVATIVE,756217205.34,2013-06-29
C00000965,Maria Nguyen,RETAIL,BR,TIER_2,AGGRESSIVE,3047427.92,2015-12-15
C00000966,Pinnacle Advisors,INSTITUTIONAL,AU,TIER_1,MODERATE,2626943584.24,2021-02-02
C00000967,Orion Partners,INSTITUTIONAL,JP,TIER_1,MODERATE,4233965758.95,2011-12-27
C00000968,Sterling Investments,INSTITUTIONAL,GB,TIER_1,CONSERVATIVE,468696348.22,2019-10-24
C00000969,Ahmed Smith,RETAIL,SG,TIER_2,AGGRESSIVE,690777.63,2015-01-21
C00000970,Fatima Kim,RETAIL,SG,TIER_1,CONSERVATIVE,4555323.16,2026-01-22
C00000971,Fatima Nguyen,RETAIL,FR,TIER_3,AGGRESSIVE,4754833.27,2014-05-18
C00000972,Maria Sato,RETAIL,CA,TIER_3,AGGRESSIVE,4651624.96,2014-06-25
C00000973,Bluewater Partners,PENSION,HK,TIER_2,AGGRESSIVE,17987930909.9,2025-01-29
C00000974,Mateo Müller,RETAIL,HK,TIER_3,MODERATE,4571085.42,2020-08-14
C00000975,Orion Partners,HEDGE_FUND,JP,TIER_1,MODERATE,5368540675.49,2026-03-04
C00000976,Ethan Jones,RETAIL,FR,TIER_3,AGGRESSIVE,2582489.77,2025-06-05
C00000977,Crescent Fund Management,PENSION,CA,TIER_1,CONSERVATIVE,30968747297.58,2018-11-08
C00000978,Apex Capital,INSTITUTIONAL,HK,TIER_2,CONSERVATIVE,2040237038.62,2026-01-09
C00000979,Helios Investments,INSTITUTIONAL,GB,TIER_1,CONSERVATIVE,2083059311.76,2015-04-17
C00000980,Granite Holdings,INSTITUTIONAL,FR,TIER_1,MODERATE,1531460515.44,2016-08-13
C00000981,Meridian Holdings,PENSION,GB,TIER_3,AGGRESSIVE,42048194335.76,2022-08-05
C00000982,Sterling Securities,INSTITUTIONAL,US,TIER_1,AGGRESSIVE,1032399858.89,2021-12-21
C00000983,Bluewater Securities,INSTITUTIONAL,SG,TIER_2,CONSERVATIVE,843546880.39,2021-10-04
C00000984,Quantum Holdings,PENSION,GB,TIER_1,AGGRESSIVE,25030595999.89,2023-05-14
C00000985,Granite Securities,INSTITUTIONAL,AU,TIER_2,AGGRESSIVE,4223161422.36,2017-07-02
C00000986,Apex Capital,INSTITUTIONAL,DE,TIER_1,AGGRESSIVE,117562328.64,2020-12-01
C00000987,Orion Group,INSTITUTIONAL,SG,TIER_3,AGGRESSIVE,89743007.72,2015-06-15
C00000988,Helios Partners,INSTITUTIONAL,IN,TIER_1,AGGRESSIVE,804853838.38,2014-10-03
C00000989,Atlas Partners,INSTITUTIONAL,JP,TIER_3,CONSERVATIVE,3348335717.34,2016-08-06
C00000990,Sterling Partners,INSTITUTIONAL,BR,TIER_2,AGGRESSIVE,946881835.04,2012-12-17
C00000991,Wei Tanaka,RETAIL,GB,TIER_1,CONSERVATIVE,1376569.58,2021-11-29
C00000992,Vanguard Capital,PENSION,CH,TIER_1,CONSERVATIVE,19327456132.78,2014-06-13
C00000993,Quantum Investments,INSTITUTIONAL,FR,TIER_1,MODERATE,353681131.63,2016-08-23
C00000994,Zara Kim,RETAIL,JP,TIER_1,MODERATE,3560812.14,2020-09-06
C00000995,Northstar Asset Management,INSTITUTIONAL,US,TIER_1,AGGRESSIVE,3736535786.03,2021-06-20
C00000996,Atlas Fund Management,INSTITUTIONAL,GB,TIER_1,MODERATE,4744224519.52,2018-01-25
C00000997,Apex Partners,INSTITUTIONAL,NL,TIER_1,AGGRESSIVE,3863795039.93,2023-04-20
C00000998,Sterling Group,INSTITUTIONAL,BR,TIER_2,AGGRESSIVE,3043333348.55,2020-11-17
C00000999,Liam Murphy,RETAIL,SG,TIER_1,CONSERVATIVE,661122.17,2012-09-21
C00001000,Cobalt Investments,INSTITUTIONAL,FR,TIER_2,CONSERVATIVE,420654025.76,2013-12-18
